eval_count,fid128_best,fid128_best_step,fid128_last,fid32_best,fid32_best_step,fid32_last,flow_curvature_last,flow_endpoint_last,flow_path_length_last,flow_straightness_last,gmm_component_variance_mean,gmm_data_variance_mean,gmm_overlap_proxy_max,gmm_pi_entropy_normalized,gmm_train_dead_components,gmm_train_nll,gmm_valid_count_ratio,gmm_valid_dead_components,gmm_valid_nll,gmm_var_floor_hit_rate,key,label,last_eval_step,latest_status,metrics_status,path,pred_target_var_ratio,pred_var_tail,residual_target_var_ratio,residual_var_tail,router_overfit_loss_gap,router_overfit_top1_gap,router_top1_agree_train_tail,router_usage_entropy_tail,router_valid_loss,router_valid_top1_agreement,router_valid_usage_entropy_norm,run_name,target_var_tail,topk_mass_tail,train_loss_tail,train_step,valid_loss_tail,x0_mag_tail,x0_tide_mag_tail,x0_x1_ratio,x1_mag_tail
7,6.968733787536621,350000,6.968733787536621,9.294981956481934,350000,9.294981956481934,0.020802951089161283,52.16714463392487,57.50275696269082,1.10884056859614,0.5281236171722412,0.6688661575317383,1.9976834664703347e-05,0.9911746503249758,0,4253.935132980347,2.145348837209302,0,4256.105972290039,0.0,baseline_old,baseline old uniform-ish,350000,downloaded,ok,outputs/kaggle/moe2_resubmit_fixed_20260512/iamlonely__tide-k16-top2-softv0p75-s128-dir512-iamlonely-20/gmm_tide_fm/tide-k16-top2-softv0p75-s128-dir512/diagnostics/train_metrics.csv,0.6534327949665917,0.8685546875,0.34424203333125136,0.45757273584604263,-0.032697207760065794,-0.0546875,1.0,,0.1845279117114842,0.9296875,0.9480165354907513,tide-k16-top2-softv0p75-s128-dir512,1.3292180836200713,0.9997277438640595,0.4650633528828621,365600,0.4741402119398117,0.9052478909492493,0.9052478909492493,1.006102773388384,0.8997568786144257
11,7.32542085647583,360000,7.32542085647583,8.423850059509277,360000,8.423850059509277,0.01903483246350685,55.21120824594327,60.180421438973276,1.0966780565278915,,,,,,,,,,,beta31_resume,"Beta(3,1) resumed",360000,downloaded,ok,outputs/kaggle/tide_recent_20260530/kieuhongquan_tide-resume150-beta31-k16-top2-soft075-dir512-jo/gmm_tide_fm/tide-resume150-beta31-k16-top2-soft075-dir512-jointmix/diagnostics/train_metrics.csv,0.6566096259360041,0.87578125,0.3451828487466562,0.4604024291038513,,,1.0,0.9502977728843689,,,,tide-resume150-beta31-k16-top2-soft075-dir512-jointmix,1.3337928891181945,1.0,0.46788554489612577,376600,0.46783632040023804,0.9046631753444672,0.9046631753444672,1.0072620488063926,0.8981408327817917
11,8.511345863342285,180000,8.999580383300781,9.356115341186523,220000,9.356115341186523,0.06495492703869672,51.93798889101619,56.9933277432571,1.1035019174561171,0.5358176827430725,0.6688708066940308,2.1642954379785806e-05,0.9788247601169335,0,4295.193603515625,2.9642857142857144,0,4267.862686157227,0.0,beta35_A,"Beta(3.5,1.3) jointmix uniform ODE",220000,downloaded,ok,outputs/kaggle/tide_recent_20260530/codemaivanngu_tide-beta35-13-k16-top2-soft075-dir512-jointmix/gmm_tide_fm/tide-beta35-13-k16-top2-soft075-dir512-jointmix/diagnostics/train_metrics.csv,0.6483591297200835,0.8578125,0.3505822363363053,0.4638383433222771,0.07368596270680428,0.0546875,1.0,0.9362021803855896,0.17213930562138557,0.9296875,0.9398462660610676,tide-beta35-13-k16-top2-soft075-dir512-jointmix,1.3230514705181122,1.0,0.47145853042602537,220000,0.4722051277756691,0.9088797867298126,0.9088797867298126,1.0130993446670178,0.8971279978752136
11,9.118551254272461,180000,9.717209815979004,11.880974769592285,220000,11.880974769592285,0.06652976934562253,49.76208288773246,55.315101447922494,1.118368984945595,0.5604243874549866,0.668889045715332,4.8318456720153335e-06,0.9581532468104003,0,4311.171482086182,463.0,2,4286.31022644043,0.0,beta35_B,"Beta(3.5,1.3) jointmix end-dense ODE",220000,downloaded,ok,outputs/kaggle/tide_recent_20260530/huynhtule_tide-beta35-13-enddense07-k16-top2-soft075-dir51/gmm_tide_fm/tide-beta35-13-enddense07-k16-top2-soft075-dir512-jointmix/diagnostics/train_metrics.csv,0.6512482184895569,0.8826171875,0.34680466254178277,0.4700139626860619,-0.10533726075664163,-0.0078125,1.0,0.9144046634435654,0.16668647667393088,0.9296875,0.8994346596300602,tide-beta35-13-enddense07-k16-top2-soft075-dir512-jointmix,1.3552700221538543,1.0,0.47766161262989043,220000,0.47803889513015746,0.9179963529109955,0.9179963529109955,1.0231958899095783,0.8971853405237198
11,9.352599143981934,180000,11.26564884185791,10.078288078308105,180000,10.732839584350586,0.06162868037610255,53.72273164149136,58.5762465786751,1.096343596268188,0.5301589965820312,0.6688631772994995,2.4382612537010573e-05,0.9953957808623911,0,4273.254877090454,2.3870967741935485,0,4258.429000854492,0.0,beta41,"Beta(4,1) jointmix uniform ODE",220000,downloaded,ok,outputs/kaggle/tide_recent_20260530/hoanganpham123_tide-beta41fresh-k16-top2-soft075-dir512-jointmi/gmm_tide_fm/tide-beta41fresh-k16-top2-soft075-dir512-jointmix/diagnostics/train_metrics.csv,0.6419115518851145,0.8533203125,0.35832582668231994,0.4763377532362938,-0.01742050889879465,0.0068359375,1.0,0.9508795589208603,0.22751857992261648,0.9150390625,0.9469800181686878,tide-beta41fresh-k16-top2-soft075-dir512-jointmix,1.32934250831604,1.0,0.48407786190509794,220000,0.48233031630516054,0.9084311783313751,0.9084311783313751,1.0125436471234974,0.8971773028373718
12,8.054510116577148,220000,8.054510116577148,9.701128005981445,220000,10.55566692352295,0.06784838771499942,50.58390148094548,55.801071371873626,1.109168033770588,0.5260147452354431,0.6688789129257202,5.297283223626437e-06,0.996181502939141,0,4252.62509727478,1.8730964467005076,0,4254.282028198242,0.0,beta31p4_huynhtule,"Beta(3,1.4) tide-beta31p4-x1frozen-k16-top2-soft075-dir512",240000,downloaded,ok,outputs/kaggle/beta31p4_20260530/huynhtule__tide-beta31p4-x1frozen-k16-top2-soft075-dir512-h/gmm_tide_fm/tide-beta31p4-x1frozen-k16-top2-soft075-dir512/diagnostics/train_metrics.csv,0.6574514539365265,0.8669921875,0.34364138502087715,0.45316562056541443,0.12259743642061949,0.0341796875,1.0,0.9582266390323639,0.2987446142360568,0.8720703125,0.9460754506289959,tide-beta31p4-x1frozen-k16-top2-soft075-dir512,1.3187166631221772,0.9997934609651565,0.46065232157707214,240000,0.458573605120182,0.90314601957798,0.90314601957798,1.002609642428646,0.9007952660322189
11,8.478792190551758,200000,8.478792190551758,9.489469528198242,220000,9.489469528198242,0.06564999533736188,52.059699334147034,57.12396778779871,1.103589414178258,0.5322838425636292,0.6688365936279297,1.0131185263162479e-05,0.9846874161096185,0,4278.089540481567,5.021739130434782,0,4263.452224731445,0.0,beta31p4_iamlonely,"Beta(3,1.4) tide-beta31p4-jointmix-k16-top2-soft075-dir512-r2",220000,downloaded,ok,outputs/kaggle/beta31p4_20260530/iamlonely__tide-beta31p4-jointmix-k16-top2-soft075-dir512-r/gmm_tide_fm/tide-beta31p4-jointmix-k16-top2-soft075-dir512-r2/diagnostics/train_metrics.csv,0.6541535133896527,0.871484375,0.3438938776807494,0.45814649760723114,0.014947286807000637,0.0234375,1.0,0.9351508468389511,0.2194311385974288,0.9140625,0.9438854083418846,tide-beta31p4-jointmix-k16-top2-soft075-dir512-r2,1.3322322010993957,1.0,0.4656687155365944,220000,0.4641037583351135,0.9044694632291794,0.9044694632291794,1.0081223399314718,0.8971822440624238
,,,,,,,,,,,,,,,,,,,,,beta31p4_kiuvithong,"Beta(3,1.4) tide-beta31p4-jointmix-k16-top2-soft075-dir512",,,missing_or_empty,outputs/kaggle/beta31p4_20260530/kiuvithong__tide-beta31p4-jointmix-k16-top2-soft075-dir512-k/gmm_tide_fm/tide-beta31p4-jointmix-k16-top2-soft075-dir512/diagnostics/train_metrics.csv,,,,,,,,,,,,,,,,,,,,,
12,7.929981231689453,220000,7.929981231689453,9.438676834106445,220000,9.438676834106445,0.3926395817714579,45.00457260736724,48.94176148514614,1.0914481251745882,0.5266777276992798,0.6688424348831177,1.0308349374099635e-05,0.9956165079560608,0,4255.552602767944,2.210843373493976,0,4257.515213012695,0.0,beta31p4_victorharvey27,"Beta(3,1.4) tide-beta31p4-x1frozen-k16-top2-soft075-dir512-r2",240000,downloaded,ok,outputs/kaggle/beta31p4_20260530/victorharvey27__tide-beta31p4-x1frozen-k16-top2-soft075-dir512-r/gmm_tide_fm/tide-beta31p4-x1frozen-k16-top2-soft075-dir512-r2/diagnostics/train_metrics.csv,0.6609994136513695,0.8763671875,0.3408301952573533,0.4518799766898155,-0.13569144066423178,-0.0732421875,1.0,0.9607470840215683,0.2760898107662797,0.8857421875,0.9410584531724453,tide-beta31p4-x1frozen-k16-top2-soft075-dir512-r2,1.325821429491043,0.9997714668512344,0.4593316808342934,240000,0.45727546960115434,0.9028015583753586,0.9028015583753586,1.0021305857250915,0.900882151722908
