attempt_id,kernel_id,owner,run_name,submitted_on,submitted_at_utc,experiment_family,submission_status,evidence_status,source_submit_report,url,attempt_number_for_slug,attempt_count_for_slug,attempt_evidence_history,attempt_report_history
gmm_tide_phase2_aware_c0_c5_submit_20260622.json#0,anhhaphan/tide-ars-c0-control-k16-top2-soft075-dir512-anhh,anhhaphan,tide-ars-c0-control-k16-top2-soft075-dir512,20260622,2026-06-22T08:25:38.402462+00:00,phase2_c0_c5_exploration,KernelWorkerStatus.QUEUED,partial_metrics_timeout,gmm_tide_phase2_aware_c0_c5_submit_20260622.json,https://www.kaggle.com/code/anhhaphan/tide-ars-c0-control-k16-top2-soft075-dir512-anhh,1,1,['partial_metrics_timeout'],['gmm_tide_phase2_aware_c0_c5_submit_20260622.json']
gmm_tide_phase2_aware_c0_c5_submit_20260622.json#1,bangchi/tide-ars-c1-bridge11-k16-top2-soft075-dir512-ban,bangchi,tide-ars-c1-bridge11-k16-top2-soft075-dir512,20260622,2026-06-22T08:25:38.402462+00:00,phase2_c0_c5_exploration,KernelWorkerStatus.QUEUED,partial_metrics_timeout,gmm_tide_phase2_aware_c0_c5_submit_20260622.json,https://www.kaggle.com/code/bangchi/tide-ars-c1-bridge11-k16-top2-soft075-dir512-ban,1,1,['partial_metrics_timeout'],['gmm_tide_phase2_aware_c0_c5_submit_20260622.json']
gmm_tide_phase2_aware_c0_c5_submit_20260622.json#2,casihoavinh/tide-ars-c2-d4drop02-k16-top2-soft075-dir512-cas,casihoavinh,tide-ars-c2-d4drop02-k16-top2-soft075-dir512,20260622,2026-06-22T08:25:38.402462+00:00,phase2_c0_c5_exploration,KernelWorkerStatus.QUEUED,partial_metrics_timeout,gmm_tide_phase2_aware_c0_c5_submit_20260622.json,https://www.kaggle.com/code/casihoavinh/tide-ars-c2-d4drop02-k16-top2-soft075-dir512-cas,1,1,['partial_metrics_timeout'],['gmm_tide_phase2_aware_c0_c5_submit_20260622.json']
gmm_tide_phase2_aware_c0_c5_submit_20260622.json#3,codemaivanngu/tide-ars-c3-bridge11-d4drop02-k16-top2-soft075-d,codemaivanngu,tide-ars-c3-bridge11-d4drop02-k16-top2-soft075-dir512,20260622,2026-06-22T08:25:38.402462+00:00,phase2_c0_c5_exploration,KernelWorkerStatus.QUEUED,partial_metrics_timeout,gmm_tide_phase2_aware_c0_c5_submit_20260622.json,https://www.kaggle.com/code/codemaivanngu/tide-ars-c3-bridge11-d4drop02-k16-top2-soft075-d,1,1,['partial_metrics_timeout'],['gmm_tide_phase2_aware_c0_c5_submit_20260622.json']
gmm_tide_phase2_aware_c0_c5_submit_20260622.json#4,ctlcmleon/tide-ars-c4-bridge11-sampletopk-k16-top2-soft075,ctlcmleon,tide-ars-c4-bridge11-sampletopk-k16-top2-soft075-dir512,20260622,2026-06-22T08:25:38.402462+00:00,phase2_c0_c5_exploration,KernelWorkerStatus.QUEUED,partial_metrics_timeout,gmm_tide_phase2_aware_c0_c5_submit_20260622.json,https://www.kaggle.com/code/ctlcmleon/tide-ars-c4-bridge11-sampletopk-k16-top2-soft075,1,1,['partial_metrics_timeout'],['gmm_tide_phase2_aware_c0_c5_submit_20260622.json']
gmm_tide_phase2_aware_c0_c5_submit_20260622.json#5,damtrunghieu/tide-ars-c5-bridge11-pcalw5-k16-top2-soft075-dir,damtrunghieu,tide-ars-c5-bridge11-pcalw5-k16-top2-soft075-dir512,20260622,2026-06-22T08:25:38.402462+00:00,phase2_c0_c5_exploration,KernelWorkerStatus.QUEUED,partial_metrics_timeout,gmm_tide_phase2_aware_c0_c5_submit_20260622.json,https://www.kaggle.com/code/damtrunghieu/tide-ars-c5-bridge11-pcalw5-k16-top2-soft075-dir,1,1,['partial_metrics_timeout'],['gmm_tide_phase2_aware_c0_c5_submit_20260622.json']
gmm_tide_phase2_aware_confirm_c0_c4_200k_submit_20260623.json#0,anhhaphan/tide-ars-confirm-c0-control-200k-k16-top2-soft07,anhhaphan,tide-ars-confirm-c0-control-200k-k16-top2-soft075-dir512,20260623,2026-06-22T20:09:09.450560+00:00,c0_c4_clean_confirm,KernelWorkerStatus.QUEUED,complete_metrics,gmm_tide_phase2_aware_confirm_c0_c4_200k_submit_20260623.json,https://www.kaggle.com/code/anhhaphan/tide-ars-confirm-c0-control-200k-k16-top2-soft07,1,1,['complete_metrics'],['gmm_tide_phase2_aware_confirm_c0_c4_200k_submit_20260623.json']
gmm_tide_phase2_aware_confirm_c0_c4_200k_submit_20260623.json#1,bangchi/tide-ars-confirm-c4-bridge11-sampletopk-200k-k16,bangchi,tide-ars-confirm-c4-bridge11-sampletopk-200k-k16-top2-soft075,20260623,2026-06-22T20:09:09.450560+00:00,c0_c4_clean_confirm,KernelWorkerStatus.QUEUED,complete_metrics,gmm_tide_phase2_aware_confirm_c0_c4_200k_submit_20260623.json,https://www.kaggle.com/code/bangchi/tide-ars-confirm-c4-bridge11-sampletopk-200k-k16,1,1,['complete_metrics'],['gmm_tide_phase2_aware_confirm_c0_c4_200k_submit_20260623.json']
gmm_tide_output_quota_smoke_submit_20260629.json#0,anhhaphan/tide-output-quota-smoke-k4-top2-sampletopk-anhha,anhhaphan,tide-output-quota-smoke-k4-top2-sampletopk,20260629,2026-06-29T16:59:04.256229+00:00,output_quota_smoke,KernelWorkerStatus.QUEUED,complete_metrics,gmm_tide_output_quota_smoke_submit_20260629.json,https://www.kaggle.com/code/anhhaphan/tide-output-quota-smoke-k4-top2-sampletopk-anhha,1,1,['complete_metrics'],['gmm_tide_output_quota_smoke_submit_20260629.json']
gmm_tide_phase2_c4_long240_submit_20260630.json#0,no1ceboy/tide-ars-c4-long240-bridge11-sampletopk-k16-top2,no1ceboy,tide-ars-c4-long240-bridge11-sampletopk-k16-top2-soft075,20260630,2026-06-30T16:54:59.550313+00:00,c4_long240,KernelWorkerStatus.QUEUED,error_no_model_metrics,gmm_tide_phase2_c4_long240_submit_20260630.json,https://www.kaggle.com/code/no1ceboy/tide-ars-c4-long240-bridge11-sampletopk-k16-top2,1,1,['error_no_model_metrics'],['gmm_tide_phase2_c4_long240_submit_20260630.json']
gmm_tide_phase2_variance_repeats4_submit_20260701.json#0,anhhaphan/tide-ars-var-c0-repeat-s0-200k-k16-top2-soft075,anhhaphan,tide-ars-var-c0-repeat-s0-200k-k16-top2-soft075,20260701,2026-07-01T08:39:47.175647+00:00,c0_c4_200k_repeats,KernelWorkerStatus.QUEUED,complete_metrics,gmm_tide_phase2_variance_repeats4_submit_20260701.json,https://www.kaggle.com/code/anhhaphan/tide-ars-var-c0-repeat-s0-200k-k16-top2-soft075,1,1,['complete_metrics'],['gmm_tide_phase2_variance_repeats4_submit_20260701.json']
gmm_tide_phase2_variance_repeats4_submit_20260701.json#1,bangchi/tide-ars-var-c0-repeat-s1-200k-k16-top2-soft075,bangchi,tide-ars-var-c0-repeat-s1-200k-k16-top2-soft075,20260701,2026-07-01T08:39:47.175647+00:00,c0_c4_200k_repeats,KernelWorkerStatus.QUEUED,complete_metrics,gmm_tide_phase2_variance_repeats4_submit_20260701.json,https://www.kaggle.com/code/bangchi/tide-ars-var-c0-repeat-s1-200k-k16-top2-soft075,1,1,['complete_metrics'],['gmm_tide_phase2_variance_repeats4_submit_20260701.json']
gmm_tide_phase2_variance_repeats4_submit_20260701.json#2,casihoavinh/tide-ars-var-c4-repeat-s0-200k-k16-top2-soft075,casihoavinh,tide-ars-var-c4-repeat-s0-200k-k16-top2-soft075,20260701,2026-07-01T08:39:47.175647+00:00,c0_c4_200k_repeats,KernelWorkerStatus.QUEUED,complete_metrics,gmm_tide_phase2_variance_repeats4_submit_20260701.json,https://www.kaggle.com/code/casihoavinh/tide-ars-var-c4-repeat-s0-200k-k16-top2-soft075,1,1,['complete_metrics'],['gmm_tide_phase2_variance_repeats4_submit_20260701.json']
gmm_tide_phase2_variance_repeats4_submit_20260701.json#3,codemaivanngu/tide-ars-var-c4-repeat-s1-200k-k16-top2-soft075,codemaivanngu,tide-ars-var-c4-repeat-s1-200k-k16-top2-soft075,20260701,2026-07-01T08:39:47.175647+00:00,c0_c4_200k_repeats,KernelWorkerStatus.QUEUED,complete_metrics,gmm_tide_phase2_variance_repeats4_submit_20260701.json,https://www.kaggle.com/code/codemaivanngu/tide-ars-var-c4-repeat-s1-200k-k16-top2-soft075,1,1,['complete_metrics'],['gmm_tide_phase2_variance_repeats4_submit_20260701.json']
gmm_tide_phase2_variance_resume2_420k_submit_20260707.json#0,bangchi/tide-ars-var-c0-s1-resume420-k16-top2-soft075-ba,bangchi,tide-ars-var-c0-s1-resume420-k16-top2-soft075,20260707,2026-07-07T12:23:59.226191+00:00,c0_c4_resume,KernelWorkerStatus.QUEUED,partial_metrics_timeout,gmm_tide_phase2_variance_resume2_420k_submit_20260707.json,https://www.kaggle.com/code/bangchi/tide-ars-var-c0-s1-resume420-k16-top2-soft075-ba,1,1,['partial_metrics_timeout'],['gmm_tide_phase2_variance_resume2_420k_submit_20260707.json']
gmm_tide_phase2_variance_resume2_420k_submit_20260707.json#1,codemaivanngu/tide-ars-var-c4-s1-resume420-k16-top2-soft075-co,codemaivanngu,tide-ars-var-c4-s1-resume420-k16-top2-soft075,20260707,2026-07-07T12:23:59.226191+00:00,c0_c4_resume,KernelWorkerStatus.QUEUED,partial_metrics_timeout,gmm_tide_phase2_variance_resume2_420k_submit_20260707.json,https://www.kaggle.com/code/codemaivanngu/tide-ars-var-c4-s1-resume420-k16-top2-soft075-co,1,1,['partial_metrics_timeout'],['gmm_tide_phase2_variance_resume2_420k_submit_20260707.json']
gmm_tide_phase2_variance_seed0_resume400_submit_20260710.json#0,anhhaphan/tide-ars-var-c0-s0-resume400-k16-top2-soft075-an,anhhaphan,tide-ars-var-c0-s0-resume400-k16-top2-soft075,20260710,2026-07-09T17:42:05.314059+00:00,c0_c4_resume,KernelWorkerStatus.RUNNING,complete_metrics,gmm_tide_phase2_variance_seed0_resume400_submit_20260710.json,https://www.kaggle.com/code/anhhaphan/tide-ars-var-c0-s0-resume400-k16-top2-soft075-an,1,1,['complete_metrics'],['gmm_tide_phase2_variance_seed0_resume400_submit_20260710.json']
gmm_tide_phase2_variance_seed0_resume400_submit_20260710.json#1,casihoavinh/tide-ars-var-c4-s0-resume400-k16-top2-soft075-ca,casihoavinh,tide-ars-var-c4-s0-resume400-k16-top2-soft075,20260710,2026-07-09T17:42:05.314059+00:00,c0_c4_resume,KernelWorkerStatus.QUEUED,complete_metrics,gmm_tide_phase2_variance_seed0_resume400_submit_20260710.json,https://www.kaggle.com/code/casihoavinh/tide-ars-var-c4-s0-resume400-k16-top2-soft075-ca,1,1,['complete_metrics'],['gmm_tide_phase2_variance_seed0_resume400_submit_20260710.json']
gmm_tide_fid_repeat4_submit_20260710.json#2,bangchi/tide-fidrep-c0-s1-400k-bangchi-20260710-1120,bangchi,tide-fidrep-c0-s1-400k,20260710,2026-07-10T11:19:52.523950+00:00,c0_c4_repeated_fid,KernelWorkerStatus.QUEUED,complete_metrics,gmm_tide_fid_repeat4_submit_20260710.json,https://www.kaggle.com/code/bangchi/tide-fidrep-c0-s1-400k-bangchi-20260710-1120,1,1,['complete_metrics'],['gmm_tide_fid_repeat4_submit_20260710.json']
gmm_tide_fid_repeat4_submit_20260710.json#0,ctlcmleon/tide-fidrep-c0-s0-400k-ctlcmleon-20260710-1119,ctlcmleon,tide-fidrep-c0-s0-400k,20260710,2026-07-10T11:19:52.523950+00:00,c0_c4_repeated_fid,KernelWorkerStatus.QUEUED,error_cross_account,gmm_tide_fid_repeat4_submit_20260710.json,https://www.kaggle.com/code/ctlcmleon/tide-fidrep-c0-s0-400k-ctlcmleon-20260710-1119,1,1,['error_cross_account'],['gmm_tide_fid_repeat4_submit_20260710.json']
gmm_tide_fid_repeat4_submit_20260710.json#1,damtrunghieu/tide-fidrep-c4-s0-400k-damtrunghieu-20260710-111,damtrunghieu,tide-fidrep-c4-s0-400k,20260710,2026-07-10T11:19:52.523950+00:00,c0_c4_repeated_fid,KernelWorkerStatus.QUEUED,error_cross_account,gmm_tide_fid_repeat4_submit_20260710.json,https://www.kaggle.com/code/damtrunghieu/tide-fidrep-c4-s0-400k-damtrunghieu-20260710-111,1,1,['error_cross_account'],['gmm_tide_fid_repeat4_submit_20260710.json']
gmm_tide_fid_repeat4_submit_20260710.json#3,hoanganpham123/tide-fidrep-c4-s1-400k-hoanganpham123-20260710-1,hoanganpham123,tide-fidrep-c4-s1-400k,20260710,2026-07-10T11:19:52.523950+00:00,c0_c4_repeated_fid,KernelWorkerStatus.QUEUED,error_cross_account,gmm_tide_fid_repeat4_submit_20260710.json,https://www.kaggle.com/code/hoanganpham123/tide-fidrep-c4-s1-400k-hoanganpham123-20260710-1,1,1,['error_cross_account'],['gmm_tide_fid_repeat4_submit_20260710.json']
gmm_tide_fid_repeat_same_owner_retry2_submit_20260713.json#0,anhhaphan/tide-fidrep-c0-s0-400k-anhhaphan-20260713-1059,anhhaphan,tide-fidrep-c0-s0-400k,20260713,2026-07-13T10:59:52.829139+00:00,c0_c4_repeated_fid,KernelWorkerStatus.QUEUED,complete_metrics,gmm_tide_fid_repeat_same_owner_retry2_submit_20260713.json,https://www.kaggle.com/code/anhhaphan/tide-fidrep-c0-s0-400k-anhhaphan-20260713-1059,1,1,['complete_metrics'],['gmm_tide_fid_repeat_same_owner_retry2_submit_20260713.json']
gmm_tide_fid_repeat_same_owner_retry2_submit_20260713.json#1,casihoavinh/tide-fidrep-c4-s0-400k-casihoavinh-20260713-1059,casihoavinh,tide-fidrep-c4-s0-400k,20260713,2026-07-13T10:59:52.829139+00:00,c0_c4_repeated_fid,KernelWorkerStatus.QUEUED,complete_metrics,gmm_tide_fid_repeat_same_owner_retry2_submit_20260713.json,https://www.kaggle.com/code/casihoavinh/tide-fidrep-c4-s0-400k-casihoavinh-20260713-1059,1,1,['complete_metrics'],['gmm_tide_fid_repeat_same_owner_retry2_submit_20260713.json']
gmm_tide_c4_seed1_recover400_submit_20260713.json#0,codemaivanngu/tide-ars-var-c4-s1-recover400-k16-top2-soft075-c,codemaivanngu,tide-ars-var-c4-s1-recover400-k16-top2-soft075,20260713,2026-07-13T11:03:16.449596+00:00,c0_c4_resume,KernelWorkerStatus.QUEUED,complete_metrics,gmm_tide_c4_seed1_recover400_submit_20260713.json,https://www.kaggle.com/code/codemaivanngu/tide-ars-var-c4-s1-recover400-k16-top2-soft075-c,1,1,['complete_metrics'],['gmm_tide_c4_seed1_recover400_submit_20260713.json']
gmm_tide_fid_repeat_c4_s1_recovered400_submit_20260714.json#0,codemaivanngu/tide-fidrep-c4-s1-400k-codemaivanngu-20260714-03,codemaivanngu,tide-fidrep-c4-s1-400k,20260714,2026-07-14T03:00:00.463428+00:00,c0_c4_repeated_fid,KernelWorkerStatus.QUEUED,complete_metrics,gmm_tide_fid_repeat_c4_s1_recovered400_submit_20260714.json,https://www.kaggle.com/code/codemaivanngu/tide-fidrep-c4-s1-400k-codemaivanngu-20260714-03,1,1,['complete_metrics'],['gmm_tide_fid_repeat_c4_s1_recovered400_submit_20260714.json']
gmm_tide_confirm_gmmseed2_submit_20260715.json#0,bangchi/tide-ars-confirm-c0-gmmseed2-200k-k16-top2-soft0,bangchi,tide-ars-confirm-c0-gmmseed2-200k-k16-top2-soft075,20260715,2026-07-15T07:39:02.932574+00:00,gmm_seed2_training,KernelWorkerStatus.RUNNING,complete_metrics,gmm_tide_confirm_gmmseed2_submit_20260715.json,https://www.kaggle.com/code/bangchi/tide-ars-confirm-c0-gmmseed2-200k-k16-top2-soft0,1,1,['complete_metrics'],['gmm_tide_confirm_gmmseed2_submit_20260715.json']
gmm_tide_confirm_gmmseed2_submit_20260715.json#1,ctlcmleon/tide-ars-confirm-c4-gmmseed2-200k-k16-top2-soft0,ctlcmleon,tide-ars-confirm-c4-gmmseed2-200k-k16-top2-soft075,20260715,2026-07-15T07:39:02.932574+00:00,gmm_seed2_training,KernelWorkerStatus.RUNNING,complete_metrics,gmm_tide_confirm_gmmseed2_submit_20260715.json,https://www.kaggle.com/code/ctlcmleon/tide-ars-confirm-c4-gmmseed2-200k-k16-top2-soft0,1,1,['complete_metrics'],['gmm_tide_confirm_gmmseed2_submit_20260715.json']
gmm_tide_confirm_gmmseed2_resume400_submit_20260716.json#0,bangchi/tide-ars-confirm-c0-gmmseed2-resume400-k16-top2,bangchi,tide-ars-confirm-c0-gmmseed2-resume400-k16-top2-soft075,20260716,2026-07-16T03:13:40.902872+00:00,gmm_seed2_training,KernelWorkerStatus.RUNNING,complete_metrics,gmm_tide_confirm_gmmseed2_resume400_submit_20260716.json,https://www.kaggle.com/code/bangchi/tide-ars-confirm-c0-gmmseed2-resume400-k16-top2,1,1,['complete_metrics'],['gmm_tide_confirm_gmmseed2_resume400_submit_20260716.json']
gmm_tide_confirm_gmmseed2_resume400_submit_20260716.json#1,ctlcmleon/tide-ars-confirm-c4-gmmseed2-resume400-k16-top2,ctlcmleon,tide-ars-confirm-c4-gmmseed2-resume400-k16-top2-soft075,20260716,2026-07-16T03:13:40.902872+00:00,gmm_seed2_training,KernelWorkerStatus.RUNNING,complete_metrics,gmm_tide_confirm_gmmseed2_resume400_submit_20260716.json,https://www.kaggle.com/code/ctlcmleon/tide-ars-confirm-c4-gmmseed2-resume400-k16-top2,1,1,['complete_metrics'],['gmm_tide_confirm_gmmseed2_resume400_submit_20260716.json']
gmm_tide_fidconfirm_gmmseed2_submit_20260716.json#0,bangchi/tide-fidconfirm-c0-gmmseed2-400k-bangchi-2026071,bangchi,tide-fidconfirm-c0-gmmseed2-400k,20260716,2026-07-16T16:15:35.113058+00:00,gmm_seed2_repeated_fid,KernelWorkerStatus.QUEUED,complete_metrics,gmm_tide_fidconfirm_gmmseed2_submit_20260716.json,https://www.kaggle.com/code/bangchi/tide-fidconfirm-c0-gmmseed2-400k-bangchi-2026071,1,1,['complete_metrics'],['gmm_tide_fidconfirm_gmmseed2_submit_20260716.json']
gmm_tide_fidconfirm_gmmseed2_submit_20260716.json#1,ctlcmleon/tide-fidconfirm-c4-gmmseed2-400k-ctlcmleon-20260,ctlcmleon,tide-fidconfirm-c4-gmmseed2-400k,20260716,2026-07-16T16:15:35.113058+00:00,gmm_seed2_repeated_fid,KernelWorkerStatus.QUEUED,complete_metrics,gmm_tide_fidconfirm_gmmseed2_submit_20260716.json,https://www.kaggle.com/code/ctlcmleon/tide-fidconfirm-c4-gmmseed2-400k-ctlcmleon-20260,1,1,['complete_metrics'],['gmm_tide_fidconfirm_gmmseed2_submit_20260716.json']
gmm_tide_factorial_seed2_submit_20260719.json#0,bangchi/tide-factorial-wbridge-gmmseed2-200k-k16-top2-so,bangchi,tide-factorial-wbridge-gmmseed2-200k-k16-top2-soft075,20260719,2026-07-18T17:24:16.022075+00:00,factorial_training,KernelWorkerStatus.QUEUED,complete_metrics,gmm_tide_factorial_seed2_submit_20260719.json,https://www.kaggle.com/code/bangchi/tide-factorial-wbridge-gmmseed2-200k-k16-top2-so,1,1,['complete_metrics'],['gmm_tide_factorial_seed2_submit_20260719.json']
gmm_tide_factorial_seed2_submit_20260719.json#1,ctlcmleon/tide-factorial-samplemix-gmmseed2-200k-k16-top2,ctlcmleon,tide-factorial-samplemix-gmmseed2-200k-k16-top2-soft075,20260719,2026-07-18T17:24:16.022075+00:00,factorial_training,KernelWorkerStatus.QUEUED,complete_metrics,gmm_tide_factorial_seed2_submit_20260719.json,https://www.kaggle.com/code/ctlcmleon/tide-factorial-samplemix-gmmseed2-200k-k16-top2,1,1,['complete_metrics'],['gmm_tide_factorial_seed2_submit_20260719.json']
gmm_tide_factorial_seed01_200k_submit_20260719.json#0,codemaivanngu/tide-factorial-wbridge-gmmseed0-200k-k16-top2-so,codemaivanngu,tide-factorial-wbridge-gmmseed0-200k-k16-top2-soft075,20260719,2026-07-18T18:51:35.721387+00:00,factorial_training,KernelWorkerStatus.QUEUED,complete_metrics,gmm_tide_factorial_seed01_200k_submit_20260719.json,https://www.kaggle.com/code/codemaivanngu/tide-factorial-wbridge-gmmseed0-200k-k16-top2-so,1,1,['complete_metrics'],['gmm_tide_factorial_seed01_200k_submit_20260719.json']
gmm_tide_factorial_seed01_200k_submit_20260719.json#1,damtrunghieu/tide-factorial-samplemix-gmmseed0-200k-k16-top2,damtrunghieu,tide-factorial-samplemix-gmmseed0-200k-k16-top2-soft075,20260719,2026-07-18T18:51:35.721387+00:00,factorial_training,KernelWorkerStatus.QUEUED,complete_metrics,gmm_tide_factorial_seed01_200k_submit_20260719.json,https://www.kaggle.com/code/damtrunghieu/tide-factorial-samplemix-gmmseed0-200k-k16-top2,1,1,['complete_metrics'],['gmm_tide_factorial_seed01_200k_submit_20260719.json']
gmm_tide_factorial_seed01_200k_submit_20260719.json#2,hoanganpham123/tide-factorial-wbridge-gmmseed1-200k-k16-top2-so,hoanganpham123,tide-factorial-wbridge-gmmseed1-200k-k16-top2-soft075,20260719,2026-07-18T18:51:35.721387+00:00,factorial_training,KernelWorkerStatus.QUEUED,complete_metrics,gmm_tide_factorial_seed01_200k_submit_20260719.json,https://www.kaggle.com/code/hoanganpham123/tide-factorial-wbridge-gmmseed1-200k-k16-top2-so,1,1,['complete_metrics'],['gmm_tide_factorial_seed01_200k_submit_20260719.json']
gmm_tide_factorial_seed01_200k_submit_20260719.json#3,iamlonely/tide-factorial-samplemix-gmmseed1-200k-k16-top2,iamlonely,tide-factorial-samplemix-gmmseed1-200k-k16-top2-soft075,20260719,2026-07-18T18:51:35.721387+00:00,factorial_training,KernelWorkerStatus.QUEUED,complete_metrics,gmm_tide_factorial_seed01_200k_submit_20260719.json,https://www.kaggle.com/code/iamlonely/tide-factorial-samplemix-gmmseed1-200k-k16-top2,1,1,['complete_metrics'],['gmm_tide_factorial_seed01_200k_submit_20260719.json']
gmm_tide_router_geometry_audit_submit_20260719.json#0,phamdotuandng/tide-audit-c0-gmmseed2-router-geometry-phamdotua,phamdotuandng,tide-audit-c0-gmmseed2-router-geometry,20260719,2026-07-18T18:53:07.764746+00:00,router_geometry_audit,KernelWorkerStatus.RUNNING,error_then_retried,gmm_tide_router_geometry_audit_submit_20260719.json,https://www.kaggle.com/code/phamdotuandng/tide-audit-c0-gmmseed2-router-geometry-phamdotua,1,1,['error_then_retried'],['gmm_tide_router_geometry_audit_submit_20260719.json']
gmm_tide_router_geometry_audit_submit_20260719.json#1,veilwings/tide-audit-c4-gmmseed2-router-geometry-veilwings,veilwings,tide-audit-c4-gmmseed2-router-geometry,20260719,2026-07-18T18:53:07.764746+00:00,router_geometry_audit,KernelWorkerStatus.RUNNING,error_then_retried,gmm_tide_router_geometry_audit_submit_20260719.json,https://www.kaggle.com/code/veilwings/tide-audit-c4-gmmseed2-router-geometry-veilwings,1,1,['error_then_retried'],['gmm_tide_router_geometry_audit_submit_20260719.json']
gmm_tide_router_geometry_audit_retry_cli223_submit_20260719.json#0,phamdotuandng/tide-audit-c0-gmmseed2-router-geometry-cli223-re,phamdotuandng,tide-audit-c0-gmmseed2-router-geometry-cli223-retry,20260719,2026-07-18T19:09:35.582954+00:00,router_geometry_audit,KernelWorkerStatus.RUNNING,error_then_retried,gmm_tide_router_geometry_audit_retry_cli223_submit_20260719.json,https://www.kaggle.com/code/phamdotuandng/tide-audit-c0-gmmseed2-router-geometry-cli223-re,1,1,['error_then_retried'],['gmm_tide_router_geometry_audit_retry_cli223_submit_20260719.json']
gmm_tide_router_geometry_audit_retry_cli223_submit_20260719.json#1,veilwings/tide-audit-c4-gmmseed2-router-geometry-cli223-re,veilwings,tide-audit-c4-gmmseed2-router-geometry-cli223-retry,20260719,2026-07-18T19:09:35.582954+00:00,router_geometry_audit,KernelWorkerStatus.RUNNING,error_then_retried,gmm_tide_router_geometry_audit_retry_cli223_submit_20260719.json,https://www.kaggle.com/code/veilwings/tide-audit-c4-gmmseed2-router-geometry-cli223-re,1,1,['error_then_retried'],['gmm_tide_router_geometry_audit_retry_cli223_submit_20260719.json']
gmm_tide_router_geometry_audit_retry_path_submit_20260719.json#0,phamdotuandng/tide-audit-c0-gmmseed2-router-geometry-path-retr,phamdotuandng,tide-audit-c0-gmmseed2-router-geometry-path-retry,20260719,2026-07-18T19:15:39.751207+00:00,router_geometry_audit,KernelWorkerStatus.RUNNING,complete_metrics,gmm_tide_router_geometry_audit_retry_path_submit_20260719.json,https://www.kaggle.com/code/phamdotuandng/tide-audit-c0-gmmseed2-router-geometry-path-retr,1,1,['complete_metrics'],['gmm_tide_router_geometry_audit_retry_path_submit_20260719.json']
gmm_tide_router_geometry_audit_retry_path_submit_20260719.json#1,veilwings/tide-audit-c4-gmmseed2-router-geometry-path-retr,veilwings,tide-audit-c4-gmmseed2-router-geometry-path-retry,20260719,2026-07-18T19:15:39.751207+00:00,router_geometry_audit,KernelWorkerStatus.RUNNING,complete_metrics,gmm_tide_router_geometry_audit_retry_path_submit_20260719.json,https://www.kaggle.com/code/veilwings/tide-audit-c4-gmmseed2-router-geometry-path-retr,1,1,['complete_metrics'],['gmm_tide_router_geometry_audit_retry_path_submit_20260719.json']
gmm_tide_factorial_seed01_resume400_retry2_submit_20260719.json#0,johnntlhudson/tide-factorial-wbridge-gmmseed0-resume400-k16-to,johnntlhudson,tide-factorial-wbridge-gmmseed0-resume400-k16-top2-soft075,20260719,2026-07-19T11:06:54.289682+00:00,factorial_training,KernelWorkerStatus.QUEUED,complete_metrics,gmm_tide_factorial_seed01_resume400_retry2_submit_20260719.json,https://www.kaggle.com/code/johnntlhudson/tide-factorial-wbridge-gmmseed0-resume400-k16-to,2,2,"['superseded_resume_error', 'complete_metrics']","['gmm_tide_factorial_seed01_resume400_crossaccount_submit_20260719.json', 'gmm_tide_factorial_seed01_resume400_retry2_submit_20260719.json']"
gmm_tide_factorial_seed01_resume400_retry2_submit_20260719.json#1,kieuhongquan/tide-factorial-samplemix-gmmseed0-resume400-k16,kieuhongquan,tide-factorial-samplemix-gmmseed0-resume400-k16-top2-soft075,20260719,2026-07-19T11:06:54.289682+00:00,factorial_training,KernelWorkerStatus.QUEUED,complete_metrics,gmm_tide_factorial_seed01_resume400_retry2_submit_20260719.json,https://www.kaggle.com/code/kieuhongquan/tide-factorial-samplemix-gmmseed0-resume400-k16,2,2,"['superseded_resume_error', 'complete_metrics']","['gmm_tide_factorial_seed01_resume400_crossaccount_submit_20260719.json', 'gmm_tide_factorial_seed01_resume400_retry2_submit_20260719.json']"
gmm_tide_factorial_seed01_resume400_retry2_submit_20260719.json#2,nguyncmnhda/tide-factorial-wbridge-gmmseed1-resume400-k16-to,nguyncmnhda,tide-factorial-wbridge-gmmseed1-resume400-k16-top2-soft075,20260719,2026-07-19T11:06:54.289682+00:00,factorial_training,KernelWorkerStatus.QUEUED,complete_metrics,gmm_tide_factorial_seed01_resume400_retry2_submit_20260719.json,https://www.kaggle.com/code/nguyncmnhda/tide-factorial-wbridge-gmmseed1-resume400-k16-to,2,2,"['superseded_resume_error', 'complete_metrics']","['gmm_tide_factorial_seed01_resume400_crossaccount_submit_20260719.json', 'gmm_tide_factorial_seed01_resume400_retry2_submit_20260719.json']"
gmm_tide_factorial_seed01_resume400_retry2_submit_20260719.json#3,no1ceboy/tide-factorial-samplemix-gmmseed1-resume400-k16,no1ceboy,tide-factorial-samplemix-gmmseed1-resume400-k16-top2-soft075,20260719,2026-07-19T11:06:54.289682+00:00,factorial_training,KernelWorkerStatus.QUEUED,complete_metrics,gmm_tide_factorial_seed01_resume400_retry2_submit_20260719.json,https://www.kaggle.com/code/no1ceboy/tide-factorial-samplemix-gmmseed1-resume400-k16,2,2,"['superseded_resume_error', 'complete_metrics']","['gmm_tide_factorial_seed01_resume400_no1ceboy_submit_20260719.json', 'gmm_tide_factorial_seed01_resume400_retry2_submit_20260719.json']"
gmm_tide_factorial_seed2_resume400_retry2_submit_20260719.json#0,bangchi/tide-factorial-wbridge-gmmseed2-resume400-k16-to,bangchi,tide-factorial-wbridge-gmmseed2-resume400-k16-top2-soft075,20260719,2026-07-19T11:07:50.446042+00:00,factorial_training,KernelWorkerStatus.QUEUED,complete_metrics,gmm_tide_factorial_seed2_resume400_retry2_submit_20260719.json,https://www.kaggle.com/code/bangchi/tide-factorial-wbridge-gmmseed2-resume400-k16-to,2,2,"['superseded_resume_error', 'complete_metrics']","['gmm_tide_factorial_seed2_resume400_submit_20260719.json', 'gmm_tide_factorial_seed2_resume400_retry2_submit_20260719.json']"
gmm_tide_factorial_seed2_resume400_retry2_submit_20260719.json#1,ctlcmleon/tide-factorial-samplemix-gmmseed2-resume400-k16,ctlcmleon,tide-factorial-samplemix-gmmseed2-resume400-k16-top2-soft075,20260719,2026-07-19T11:07:50.446042+00:00,factorial_training,KernelWorkerStatus.QUEUED,complete_metrics,gmm_tide_factorial_seed2_resume400_retry2_submit_20260719.json,https://www.kaggle.com/code/ctlcmleon/tide-factorial-samplemix-gmmseed2-resume400-k16,2,2,"['superseded_resume_error', 'complete_metrics']","['gmm_tide_factorial_seed2_resume400_submit_20260719.json', 'gmm_tide_factorial_seed2_resume400_retry2_submit_20260719.json']"
gmm_tide_factorial_wb_sm_fidrepeat6_submit_20260720.json#4,bangchi/tide-fidrep-factorial-wb-gmmseed2-400k-bangchi-2,bangchi,tide-fidrep-factorial-wb-gmmseed2-400k,20260720,2026-07-20T14:19:32.415613+00:00,factorial_repeated_fid,KernelWorkerStatus.QUEUED,error_missing_checkpoint_in_relay,gmm_tide_factorial_wb_sm_fidrepeat6_submit_20260720.json,https://www.kaggle.com/code/bangchi/tide-fidrep-factorial-wb-gmmseed2-400k-bangchi-2,1,1,['error_missing_checkpoint_in_relay'],['gmm_tide_factorial_wb_sm_fidrepeat6_submit_20260720.json']
gmm_tide_factorial_wb_sm_fidrepeat6_submit_20260720.json#5,ctlcmleon/tide-fidrep-factorial-sm-gmmseed2-400k-ctlcmleon,ctlcmleon,tide-fidrep-factorial-sm-gmmseed2-400k,20260720,2026-07-20T14:19:32.415613+00:00,factorial_repeated_fid,KernelWorkerStatus.QUEUED,error_missing_checkpoint_in_relay,gmm_tide_factorial_wb_sm_fidrepeat6_submit_20260720.json,https://www.kaggle.com/code/ctlcmleon/tide-fidrep-factorial-sm-gmmseed2-400k-ctlcmleon,1,1,['error_missing_checkpoint_in_relay'],['gmm_tide_factorial_wb_sm_fidrepeat6_submit_20260720.json']
gmm_tide_factorial_wb_sm_fidrepeat6_submit_20260720.json#0,johnntlhudson/tide-fidrep-factorial-wb-gmmseed0-400k-johnntlhu,johnntlhudson,tide-fidrep-factorial-wb-gmmseed0-400k,20260720,2026-07-20T14:19:32.415613+00:00,factorial_repeated_fid,KernelWorkerStatus.RUNNING,error_missing_checkpoint_in_relay,gmm_tide_factorial_wb_sm_fidrepeat6_submit_20260720.json,https://www.kaggle.com/code/johnntlhudson/tide-fidrep-factorial-wb-gmmseed0-400k-johnntlhu,1,1,['error_missing_checkpoint_in_relay'],['gmm_tide_factorial_wb_sm_fidrepeat6_submit_20260720.json']
gmm_tide_factorial_wb_sm_fidrepeat6_submit_20260720.json#1,kieuhongquan/tide-fidrep-factorial-sm-gmmseed0-400k-kieuhongq,kieuhongquan,tide-fidrep-factorial-sm-gmmseed0-400k,20260720,2026-07-20T14:19:32.415613+00:00,factorial_repeated_fid,KernelWorkerStatus.RUNNING,error_missing_checkpoint_in_relay,gmm_tide_factorial_wb_sm_fidrepeat6_submit_20260720.json,https://www.kaggle.com/code/kieuhongquan/tide-fidrep-factorial-sm-gmmseed0-400k-kieuhongq,1,1,['error_missing_checkpoint_in_relay'],['gmm_tide_factorial_wb_sm_fidrepeat6_submit_20260720.json']
gmm_tide_factorial_wb_sm_fidrepeat6_submit_20260720.json#2,nguyncmnhda/tide-fidrep-factorial-wb-gmmseed1-400k-nguyncmnh,nguyncmnhda,tide-fidrep-factorial-wb-gmmseed1-400k,20260720,2026-07-20T14:19:32.415613+00:00,factorial_repeated_fid,KernelWorkerStatus.QUEUED,error_missing_checkpoint_in_relay,gmm_tide_factorial_wb_sm_fidrepeat6_submit_20260720.json,https://www.kaggle.com/code/nguyncmnhda/tide-fidrep-factorial-wb-gmmseed1-400k-nguyncmnh,1,1,['error_missing_checkpoint_in_relay'],['gmm_tide_factorial_wb_sm_fidrepeat6_submit_20260720.json']
gmm_tide_factorial_wb_sm_fidrepeat6_submit_20260720.json#3,no1ceboy/tide-fidrep-factorial-sm-gmmseed1-400k-no1ceboy,no1ceboy,tide-fidrep-factorial-sm-gmmseed1-400k,20260720,2026-07-20T14:19:32.415613+00:00,factorial_repeated_fid,KernelWorkerStatus.QUEUED,error_missing_checkpoint_in_relay,gmm_tide_factorial_wb_sm_fidrepeat6_submit_20260720.json,https://www.kaggle.com/code/no1ceboy/tide-fidrep-factorial-sm-gmmseed1-400k-no1ceboy,1,1,['error_missing_checkpoint_in_relay'],['gmm_tide_factorial_wb_sm_fidrepeat6_submit_20260720.json']
