csv_path,data_variance_mean,dataset,elapsed_sec,feature_std_max,feature_std_min,fm_lr,fm_steps,fm_train_loss,fm_valid_mse,gaussian_fm_valid_mse,gaussian_rollout_swd,gmm_count_ratio,gmm_dead,gmm_modes,gmm_overlap_max,gmm_pi_entropy_norm,gmm_q_entropy_norm,gmm_top1_prob,gmm_valid_nll,init_name,init_restarts,init_strategy,init_warmup,job_run,kind,mse_ratio_to_gaussian,owner_run,pca_dim,pca_var_ratio,raw_dim,rollout_swd,router_dead,router_top1_agreement,router_top1_prob,router_usage_entropy_norm,router_valid_kl,run_label,source_mode,source_temperature,source_to_target_dist,standardized,swd_ratio_to_gaussian,target_vector_var_trace,time_sampling,topk,variant_name,x0_magnitude,x0_x1_mag_ratio,x1_magnitude
outputs/kaggle/toy_moe2_fm_source_20260524/casihoavinh_toyfm-router-2d-k16/toy_moe2_fm/toyfm-router-2d-k16/toy_moe2_fm_summary.csv,0.9999983310699463,nested_rings,7.14482855796814,1.5198681354522705,1.519803762435913,0.0003,1000,1.657947063446045,1.531537155310313,1.531537155310313,0.007690675090998411,,,16,,,,,,none,0,none,0,toyfm-router-2d-k16,toy,1.0,casihoavinh_toyfm-router-2d-k16,2,1.0,2,0.007690675090998411,,,,,,gaussian,gaussian,1.0,1.8548059463500977,1,1.0,4.2782155789365355,uniform,1,gaussian,1.0206518173217773,0.9935035705566406,1.0273257493972778
outputs/kaggle/toy_moe2_fm_source_20260524/casihoavinh_toyfm-router-2d-k16/toy_moe2_fm/toyfm-router-2d-k16/toy_moe2_fm_summary.csv,0.9999983310699463,nested_rings,6.296421766281128,1.5198681354522705,1.519803762435913,0.0003,1000,1.00761878490448,0.9122994740804037,1.531537155310313,0.007690675090998411,414.0,2,16,0.8691312670707703,0.994488474735635,0.5497522285443754,0.41597715418966213,2.7281306619828456,hybrid_lw8,1,hybrid,8,toyfm-router-2d-k16,toy,0.595675704580316,casihoavinh_toyfm-router-2d-k16,2,1.0,2,0.008522355929017067,2,0.9471428571428572,0.40819495916366577,0.9322412886788798,0.02763095498085022,direct_hybrid,direct,1.0,1.7950648069381714,1,1.1081414606881652,3.9418221309335215,uniform,1,direct_hybrid,1.0316280126571655,1.0245299339294434,1.0069280862808228
outputs/kaggle/toy_moe2_fm_source_20260524/casihoavinh_toyfm-router-2d-k16/toy_moe2_fm/toyfm-router-2d-k16/toy_moe2_fm_summary.csv,0.9999983310699463,nested_rings,7.675809860229492,1.5198681354522705,1.519803762435913,0.0003,1000,0.6365538835525513,0.6868660549322764,1.531537155310313,0.007690675090998411,414.0,2,16,0.8691312670707703,0.994488474735635,0.5497522285443754,0.41597715418966213,2.7281306619828456,hybrid_lw8,1,hybrid,8,toyfm-router-2d-k16,toy,0.4484814831626509,casihoavinh_toyfm-router-2d-k16,2,1.0,2,0.011763228103518486,2,0.9471428571428572,0.40819495916366577,0.9322412886788798,0.02763095498085022,distill_hybrid_t2,distilled,1.0,1.7737925052642822,1,1.5295442811368816,3.795676228941758,uniform,2,distill_hybrid_t2,0.9362946152687073,0.9298422932624817,1.006939172744751
outputs/kaggle/toy_moe2_fm_source_20260524/casihoavinh_toyfm-router-2d-k16/toy_moe2_fm/toyfm-router-2d-k16/toy_moe2_fm_summary.csv,0.9999983310699463,nested_rings,7.152768850326538,1.5198681354522705,1.519803762435913,0.0003,1000,0.7880463004112244,0.6802654465039571,1.531537155310313,0.007690675090998411,414.0,2,16,0.8691312670707703,0.994488474735635,0.5497522285443754,0.41597715418966213,2.7281306619828456,hybrid_lw8,1,hybrid,8,toyfm-router-2d-k16,toy,0.44417168995558903,casihoavinh_toyfm-router-2d-k16,2,1.0,2,0.010560233145952225,2,0.9471428571428572,0.40819495916366577,0.9322412886788798,0.02763095498085022,oracle_hybrid_t2,oracle,1.0,1.7419161796569824,1,1.3731217378188947,3.6550126246888444,uniform,2,oracle_hybrid_t2,0.8949650526046753,0.8928664922714233,1.0023503303527832
outputs/kaggle/toy_moe2_fm_source_20260524/casihoavinh_toyfm-router-2d-k16/toy_moe2_fm/toyfm-router-2d-k16/toy_moe2_fm_summary.csv,0.9999983310699463,nested_rings,6.199166536331177,1.5198681354522705,1.519803762435913,0.0003,1000,0.9141671657562256,0.9037468830744425,1.531537155310313,0.007690675090998411,414.0,2,16,0.8691312670707703,0.994488474735635,0.5497522285443754,0.41597715418966213,2.7281306619828456,hybrid_lw8,1,hybrid,8,toyfm-router-2d-k16,toy,0.5900913862526107,casihoavinh_toyfm-router-2d-k16,2,1.0,2,0.016612589359283447,2,0.9471428571428572,0.40819495916366577,0.9322412886788798,0.02763095498085022,nearest_hybrid_t2,nearest,1.0,1.7801064252853394,1,2.1600950713322598,3.8502265548247996,uniform,2,nearest_hybrid_t2,1.0147444009780884,1.036033272743225,0.979451596736908
outputs/kaggle/toy_moe2_fm_source_20260524/casihoavinh_toyfm-router-2d-k16/toy_moe2_fm/toyfm-router-2d-k16/toy_moe2_fm_summary.csv,0.9999983310699463,nested_rings,5.357599258422852,1.5198681354522705,1.519803762435913,0.0003,1000,0.6476647853851318,0.6108355025450388,1.531537155310313,0.007690675090998411,414.0,2,16,0.8691312670707703,0.994488474735635,0.5497522285443754,0.41597715418966213,2.7281306619828456,hybrid_lw8,1,hybrid,8,toyfm-router-2d-k16,toy,0.3988381871292402,casihoavinh_toyfm-router-2d-k16,2,1.0,2,0.014260919764637947,2,0.9471428571428572,0.40819495916366577,0.9322412886788798,0.02763095498085022,uniform_hybrid_t2,uniform,1.0,1.348299264907837,1,1.854313125427664,2.147957182362345,uniform,2,uniform_hybrid_t2,0.4030281603336334,0.41609859466552734,0.96858811378479
outputs/kaggle/toy_moe2_fm_source_20260524/casihoavinh_toyfm-router-2d-k16/toy_moe2_fm/toyfm-router-2d-k16/toy_moe2_fm_summary.csv,0.999999463558197,spiral_blobs,1.9803800582885742,1.537779688835144,1.5304138660430908,0.0003,1000,1.481757640838623,1.518665035565694,1.518665035565694,0.007038932293653488,,,16,,,,,,none,0,none,0,toyfm-router-2d-k16,toy,1.0,casihoavinh_toyfm-router-2d-k16,2,1.0,2,0.007038932293653488,,,,,,gaussian,gaussian,1.0,1.8138800859451294,1,1.0,3.962312559543987,uniform,1,gaussian,0.9826968908309937,1.0050984621047974,0.9777120351791382
outputs/kaggle/toy_moe2_fm_source_20260524/casihoavinh_toyfm-router-2d-k16/toy_moe2_fm/toyfm-router-2d-k16/toy_moe2_fm_summary.csv,0.999999463558197,spiral_blobs,1.9926347732543945,1.537779688835144,1.5304138660430908,0.0003,1000,0.6813770532608032,0.6942536135514578,1.518665035565694,0.007038932293653488,300.0,1,16,0.6186363697052002,0.9912175366988751,0.3907259219420863,0.5588192739015514,2.615469047593507,hybrid_lw8,1,hybrid,8,toyfm-router-2d-k16,toy,0.4571472953499929,casihoavinh_toyfm-router-2d-k16,2,1.0,2,0.007812722586095333,1,0.8931428571428571,0.5036624670028687,0.9719490106616283,0.07491626590490341,direct_hybrid,direct,1.0,1.7610886096954346,1,1.1099300661180556,3.8168550965583465,uniform,1,direct_hybrid,1.0106841325759888,1.063743233680725,0.9501203894615173
outputs/kaggle/toy_moe2_fm_source_20260524/casihoavinh_toyfm-router-2d-k16/toy_moe2_fm/toyfm-router-2d-k16/toy_moe2_fm_summary.csv,0.999999463558197,spiral_blobs,2.1270575523376465,1.537779688835144,1.5304138660430908,0.0003,1000,0.5141404867172241,0.5265830904245377,1.518665035565694,0.007038932293653488,300.0,1,16,0.6186363697052002,0.9912175366988751,0.3907259219420863,0.5588192739015514,2.615469047593507,hybrid_lw8,1,hybrid,8,toyfm-router-2d-k16,toy,0.34674077435936257,casihoavinh_toyfm-router-2d-k16,2,1.0,2,0.007007683627307415,1,0.8931428571428571,0.5036624670028687,0.9719490106616283,0.07491626590490341,distill_hybrid_t2,distilled,1.0,1.7410342693328857,1,0.9955605956922973,3.7360385964654506,uniform,2,distill_hybrid_t2,0.9207086563110352,0.8983139991760254,1.0249296426773071
outputs/kaggle/toy_moe2_fm_source_20260524/casihoavinh_toyfm-router-2d-k16/toy_moe2_fm/toyfm-router-2d-k16/toy_moe2_fm_summary.csv,0.999999463558197,spiral_blobs,2.0789263248443604,1.537779688835144,1.5304138660430908,0.0003,1000,0.6223509907722473,0.5529868553082148,1.518665035565694,0.007038932293653488,300.0,1,16,0.6186363697052002,0.9912175366988751,0.3907259219420863,0.5588192739015514,2.615469047593507,hybrid_lw8,1,hybrid,8,toyfm-router-2d-k16,toy,0.3641269419903582,casihoavinh_toyfm-router-2d-k16,2,1.0,2,0.017223548144102097,1,0.8931428571428571,0.5036624670028687,0.9719490106616283,0.07491626590490341,oracle_hybrid_t2,oracle,1.0,1.6750855445861816,1,2.4468978284719918,3.4108421213803832,uniform,2,oracle_hybrid_t2,0.9210726022720337,0.9411377310752869,0.978679895401001
outputs/kaggle/toy_moe2_fm_source_20260524/casihoavinh_toyfm-router-2d-k16/toy_moe2_fm/toyfm-router-2d-k16/toy_moe2_fm_summary.csv,0.999999463558197,spiral_blobs,1.9957783222198486,1.537779688835144,1.5304138660430908,0.0003,1000,0.7375450134277344,0.6818450192610422,1.518665035565694,0.007038932293653488,300.0,1,16,0.6186363697052002,0.9912175366988751,0.3907259219420863,0.5588192739015514,2.615469047593507,hybrid_lw8,1,hybrid,8,toyfm-router-2d-k16,toy,0.4489765704041898,casihoavinh_toyfm-router-2d-k16,2,1.0,2,0.00823889672756195,1,0.8931428571428571,0.5036624670028687,0.9719490106616283,0.07491626590490341,nearest_hybrid_t2,nearest,1.0,1.7733595371246338,1,1.1704753482272285,3.8063085596884574,uniform,2,nearest_hybrid_t2,1.0162190198898315,1.0271644592285156,0.98934406042099
outputs/kaggle/toy_moe2_fm_source_20260524/casihoavinh_toyfm-router-2d-k16/toy_moe2_fm/toyfm-router-2d-k16/toy_moe2_fm_summary.csv,0.999999463558197,spiral_blobs,2.0246546268463135,1.537779688835144,1.5304138660430908,0.0003,1000,0.4190560579299927,0.46210786203543347,1.518665035565694,0.007038932293653488,300.0,1,16,0.6186363697052002,0.9912175366988751,0.3907259219420863,0.5588192739015514,2.615469047593507,hybrid_lw8,1,hybrid,8,toyfm-router-2d-k16,toy,0.30428557398327205,casihoavinh_toyfm-router-2d-k16,2,1.0,2,0.008717529475688934,1,0.8931428571428571,0.5036624670028687,0.9719490106616283,0.07491626590490341,uniform_hybrid_t2,uniform,1.0,1.380050539970398,1,1.2384732672523246,2.101051280625698,uniform,2,uniform_hybrid_t2,0.3959774076938629,0.40782225131988525,0.9709558486938477
outputs/kaggle/toy_moe2_fm_source_20260524/casihoavinh_toyfm-router-2d-k16/toy_moe2_fm/toyfm-router-2d-k16/toy_moe2_fm_summary.csv,1.0,pinwheel,1.970790147781372,1.6965941190719604,1.676865816116333,0.0003,1000,1.515829086303711,1.637012819449107,1.637012819449107,0.01632682792842388,,,16,,,,,,none,0,none,0,toyfm-router-2d-k16,toy,1.0,casihoavinh_toyfm-router-2d-k16,2,1.0,2,0.01632682792842388,,,,,,gaussian,gaussian,1.0,1.7910435199737549,1,1.0,4.078529203558547,uniform,1,gaussian,1.012242317199707,1.002293348312378,1.009926199913025
outputs/kaggle/toy_moe2_fm_source_20260524/casihoavinh_toyfm-router-2d-k16/toy_moe2_fm/toyfm-router-2d-k16/toy_moe2_fm_summary.csv,1.0,pinwheel,1.9678220748901367,1.6965941190719604,1.676865816116333,0.0003,1000,1.2418015003204346,1.1272949576377869,1.637012819449107,0.01632682792842388,23.966666666666665,0,16,0.8880812525749207,0.9544543532677904,0.6422744664646232,0.39880997252052636,2.81728761802143,hybrid_lw8,1,hybrid,8,toyfm-router-2d-k16,toy,0.6886292790408006,casihoavinh_toyfm-router-2d-k16,2,1.0,2,0.013358734548091888,0,0.918,0.37470006942749023,0.8251402098928348,0.04409953951835632,direct_hybrid,direct,1.0,1.8635520935058594,1,0.8182075910064105,4.4811081285385495,uniform,1,direct_hybrid,1.0605320930480957,0.9993279576301575,1.061245322227478
outputs/kaggle/toy_moe2_fm_source_20260524/casihoavinh_toyfm-router-2d-k16/toy_moe2_fm/toyfm-router-2d-k16/toy_moe2_fm_summary.csv,1.0,pinwheel,2.1854259967803955,1.6965941190719604,1.676865816116333,0.0003,1000,0.9131352305412292,0.8209790488084158,1.637012819449107,0.01632682792842388,23.966666666666665,0,16,0.8880812525749207,0.9544543532677904,0.6422744664646232,0.39880997252052636,2.81728761802143,hybrid_lw8,1,hybrid,8,toyfm-router-2d-k16,toy,0.5015104579844979,casihoavinh_toyfm-router-2d-k16,2,1.0,2,0.011646883562207222,0,0.918,0.37470006942749023,0.8251402098928348,0.04409953951835632,distill_hybrid_t2,distilled,1.0,1.6160614490509033,1,0.7133586274851835,3.3764590268676637,uniform,2,distill_hybrid_t2,0.7942726612091064,0.8117203116416931,0.9785053730010986
outputs/kaggle/toy_moe2_fm_source_20260524/casihoavinh_toyfm-router-2d-k16/toy_moe2_fm/toyfm-router-2d-k16/toy_moe2_fm_summary.csv,1.0,pinwheel,2.125304698944092,1.6965941190719604,1.676865816116333,0.0003,1000,0.804671049118042,0.8344685236612955,1.637012819449107,0.01632682792842388,23.966666666666665,0,16,0.8880812525749207,0.9544543532677904,0.6422744664646232,0.39880997252052636,2.81728761802143,hybrid_lw8,1,hybrid,8,toyfm-router-2d-k16,toy,0.5097507568340935,casihoavinh_toyfm-router-2d-k16,2,1.0,2,0.00849287398159504,0,0.918,0.37470006942749023,0.8251402098928348,0.04409953951835632,oracle_hybrid_t2,oracle,1.0,1.6047568321228027,1,0.5201790585916283,3.288136224647306,uniform,2,oracle_hybrid_t2,0.7897337079048157,0.7444849610328674,1.0607786178588867
outputs/kaggle/toy_moe2_fm_source_20260524/casihoavinh_toyfm-router-2d-k16/toy_moe2_fm/toyfm-router-2d-k16/toy_moe2_fm_summary.csv,1.0,pinwheel,1.9966847896575928,1.6965941190719604,1.676865816116333,0.0003,1000,1.5062626600265503,1.3376670479774475,1.637012819449107,0.01632682792842388,23.966666666666665,0,16,0.8880812525749207,0.9544543532677904,0.6422744664646232,0.39880997252052636,2.81728761802143,hybrid_lw8,1,hybrid,8,toyfm-router-2d-k16,toy,0.8171390181462377,casihoavinh_toyfm-router-2d-k16,2,1.0,2,0.010909992270171642,0,0.918,0.37470006942749023,0.8251402098928348,0.04409953951835632,nearest_hybrid_t2,nearest,1.0,1.9872748851776123,1,0.6682248577617517,5.144934965250483,uniform,2,nearest_hybrid_t2,1.208760142326355,1.1920526027679443,1.014015793800354
outputs/kaggle/toy_moe2_fm_source_20260524/casihoavinh_toyfm-router-2d-k16/toy_moe2_fm/toyfm-router-2d-k16/toy_moe2_fm_summary.csv,1.0,pinwheel,1.9696674346923828,1.6965941190719604,1.676865816116333,0.0003,1000,0.7846697568893433,0.7864527801672617,1.637012819449107,0.01632682792842388,23.966666666666665,0,16,0.8880812525749207,0.9544543532677904,0.6422744664646232,0.39880997252052636,2.81728761802143,hybrid_lw8,1,hybrid,8,toyfm-router-2d-k16,toy,0.4804194388849817,casihoavinh_toyfm-router-2d-k16,2,1.0,2,0.019991863518953323,0,0.918,0.37470006942749023,0.8251402098928348,0.04409953951835632,uniform_hybrid_t2,uniform,1.0,1.4040162563323975,1,1.2244793420128393,2.6793012559153855,uniform,2,uniform_hybrid_t2,0.5003011226654053,0.4835643172264099,1.0346113443374634
outputs/kaggle/toy_moe2_fm_source_20260524/codemaivanngu_toyfm-topk-temp-2d-k16/toy_moe2_fm/toyfm-topk-temp-2d-k16/toy_moe2_fm_summary.csv,0.9999955892562866,nested_rings,7.25884747505188,1.5297198295593262,1.516906499862671,0.0003,1000,1.5249087810516357,1.5610259175300598,1.5610259175300598,0.0060539632104337215,,,16,,,,,,none,0,none,0,toyfm-topk-temp-2d-k16,toy,1.0,codemaivanngu_toyfm-topk-temp-2d-k16,2,1.0,2,0.0060539632104337215,,,,,,gaussian,gaussian,1.0,1.692087173461914,1,1.0,3.5256201900971327,uniform,1,gaussian,0.9403169751167297,0.9310452938079834,1.0099583864212036
outputs/kaggle/toy_moe2_fm_source_20260524/codemaivanngu_toyfm-topk-temp-2d-k16/toy_moe2_fm/toyfm-topk-temp-2d-k16/toy_moe2_fm_summary.csv,0.9999955892562866,nested_rings,8.736433506011963,1.5297198295593262,1.516906499862671,0.0003,1000,0.9154624938964844,0.9007609784603119,1.5610259175300598,0.0060539632104337215,337.0,1,16,0.727912187576294,0.9945095426103656,0.570753340107133,0.3918005371846483,2.7216724119667406,hybrid_lw8,1,hybrid,8,toyfm-topk-temp-2d-k16,toy,0.5770314050169936,codemaivanngu_toyfm-topk-temp-2d-k16,2,1.0,2,0.01672203280031681,1,0.9411428571428572,0.3856932818889618,0.948770514296782,0.020176270976662636,t1_tau05,distilled,0.5,1.875586986541748,1,2.7621629367514444,4.314612249293516,uniform,1,t1_tau05,1.0372668504714966,1.0370298624038696,1.0002285242080688
outputs/kaggle/toy_moe2_fm_source_20260524/codemaivanngu_toyfm-topk-temp-2d-k16/toy_moe2_fm/toyfm-topk-temp-2d-k16/toy_moe2_fm_summary.csv,0.9999955892562866,nested_rings,2.2579472064971924,1.5297198295593262,1.516906499862671,0.0003,1000,0.9017802476882935,0.8992912868658701,1.5610259175300598,0.0060539632104337215,337.0,1,16,0.727912187576294,0.9945095426103656,0.570753340107133,0.3918005371846483,2.7216724119667406,hybrid_lw8,1,hybrid,8,toyfm-topk-temp-2d-k16,toy,0.5760899141820641,codemaivanngu_toyfm-topk-temp-2d-k16,2,1.0,2,0.008800066076219082,1,0.9411428571428572,0.3856932818889618,0.948770514296782,0.020176270976662636,t1_tau10,distilled,1.0,1.896557331085205,1,1.4536041548869312,4.428882719609076,uniform,1,t1_tau10,1.0446332693099976,1.032578945159912,1.0116740465164185
outputs/kaggle/toy_moe2_fm_source_20260524/codemaivanngu_toyfm-topk-temp-2d-k16/toy_moe2_fm/toyfm-topk-temp-2d-k16/toy_moe2_fm_summary.csv,0.9999955892562866,nested_rings,7.5930657386779785,1.5297198295593262,1.516906499862671,0.0003,1000,0.7593542337417603,0.7214975853761038,1.5610259175300598,0.0060539632104337215,337.0,1,16,0.727912187576294,0.9945095426103656,0.570753340107133,0.3918005371846483,2.7216724119667406,hybrid_lw8,1,hybrid,8,toyfm-topk-temp-2d-k16,toy,0.46219449483433084,codemaivanngu_toyfm-topk-temp-2d-k16,2,1.0,2,0.01224851980805397,1,0.9411428571428572,0.3856932818889618,0.948770514296782,0.020176270976662636,t2_tau05,distilled,0.5,1.7636818885803223,1,2.0232233633240817,3.82721738168418,uniform,2,t2_tau05,0.9370638728141785,0.9406630396842957,0.9961737990379333
outputs/kaggle/toy_moe2_fm_source_20260524/codemaivanngu_toyfm-topk-temp-2d-k16/toy_moe2_fm/toyfm-topk-temp-2d-k16/toy_moe2_fm_summary.csv,0.9999955892562866,nested_rings,2.201144218444824,1.5297198295593262,1.516906499862671,0.0003,1000,0.6312631368637085,0.6563391188780466,1.5610259175300598,0.0060539632104337215,337.0,1,16,0.727912187576294,0.9945095426103656,0.570753340107133,0.3918005371846483,2.7216724119667406,hybrid_lw8,1,hybrid,8,toyfm-topk-temp-2d-k16,toy,0.4204536974738652,codemaivanngu_toyfm-topk-temp-2d-k16,2,1.0,2,0.010310601443052292,1,0.9411428571428572,0.3856932818889618,0.948770514296782,0.020176270976662636,t2_tau10,distilled,1.0,1.6939737796783447,1,1.7031159729022558,3.5235570243763323,uniform,2,t2_tau10,0.9318156838417053,0.9368149042129517,0.9946635961532593
outputs/kaggle/toy_moe2_fm_source_20260524/codemaivanngu_toyfm-topk-temp-2d-k16/toy_moe2_fm/toyfm-topk-temp-2d-k16/toy_moe2_fm_summary.csv,0.9999955892562866,nested_rings,2.181335210800171,1.5297198295593262,1.516906499862671,0.0003,1000,0.6873442530632019,0.667019913593928,1.5610259175300598,0.0060539632104337215,337.0,1,16,0.727912187576294,0.9945095426103656,0.570753340107133,0.3918005371846483,2.7216724119667406,hybrid_lw8,1,hybrid,8,toyfm-topk-temp-2d-k16,toy,0.42729586107662015,codemaivanngu_toyfm-topk-temp-2d-k16,2,1.0,2,0.00834754016250372,1,0.9411428571428572,0.3856932818889618,0.948770514296782,0.020176270976662636,t2_tau15,distilled,1.5,1.739903211593628,1,1.3788554492893392,3.748812547174434,uniform,2,t2_tau15,0.9179927706718445,0.9206192493438721,0.9971470832824707
outputs/kaggle/toy_moe2_fm_source_20260524/codemaivanngu_toyfm-topk-temp-2d-k16/toy_moe2_fm/toyfm-topk-temp-2d-k16/toy_moe2_fm_summary.csv,0.9999955892562866,nested_rings,7.499912261962891,1.5297198295593262,1.516906499862671,0.0003,1000,0.5091597437858582,0.5204302867253622,1.5610259175300598,0.0060539632104337215,337.0,1,16,0.727912187576294,0.9945095426103656,0.570753340107133,0.3918005371846483,2.7216724119667406,hybrid_lw8,1,hybrid,8,toyfm-topk-temp-2d-k16,toy,0.3333899078042313,codemaivanngu_toyfm-topk-temp-2d-k16,2,1.0,2,0.007619927171617746,1,0.9411428571428572,0.3856932818889618,0.948770514296782,0.020176270976662636,t4_tau10,distilled,1.0,1.617522954940796,1,1.2586675714324063,3.145110053427726,uniform,4,t4_tau10,0.8223791122436523,0.857876181602478,0.9586221575737
outputs/kaggle/toy_moe2_fm_source_20260524/codemaivanngu_toyfm-topk-temp-2d-k16/toy_moe2_fm/toyfm-topk-temp-2d-k16/toy_moe2_fm_summary.csv,0.9999955892562866,nested_rings,7.552874803543091,1.5297198295593262,1.516906499862671,0.0003,1000,0.4730243682861328,0.4747494012117386,1.5610259175300598,0.0060539632104337215,337.0,1,16,0.727912187576294,0.9945095426103656,0.570753340107133,0.3918005371846483,2.7216724119667406,hybrid_lw8,1,hybrid,8,toyfm-topk-temp-2d-k16,toy,0.3041265336343121,codemaivanngu_toyfm-topk-temp-2d-k16,2,1.0,2,0.008940969593822956,1,0.9411428571428572,0.3856932818889618,0.948770514296782,0.020176270976662636,t8_tau10,distilled,1.0,1.6221296787261963,1,1.4768787458789996,3.2007289231232408,uniform,8,t8_tau10,0.7748405933380127,0.7744697332382202,1.0004788637161255
outputs/kaggle/toy_moe2_fm_source_20260524/codemaivanngu_toyfm-topk-temp-2d-k16/toy_moe2_fm/toyfm-topk-temp-2d-k16/toy_moe2_fm_summary.csv,0.9999991655349731,spiral_blobs,2.0032949447631836,1.5273959636688232,1.5241999626159668,0.0003,1000,1.4180983304977417,1.609213610490163,1.609213610490163,0.006894749589264393,,,16,,,,,,none,0,none,0,toyfm-topk-temp-2d-k16,toy,1.0,codemaivanngu_toyfm-topk-temp-2d-k16,2,1.0,2,0.006894749589264393,,,,,,gaussian,gaussian,1.0,1.7621502876281738,1,1.0,3.80329124490805,uniform,1,gaussian,0.9820823669433594,0.9915593862533569,0.9904423356056213
outputs/kaggle/toy_moe2_fm_source_20260524/codemaivanngu_toyfm-topk-temp-2d-k16/toy_moe2_fm/toyfm-topk-temp-2d-k16/toy_moe2_fm_summary.csv,0.9999991655349731,spiral_blobs,2.2093024253845215,1.5273959636688232,1.5241999626159668,0.0003,1000,0.7277926206588745,0.7364658117294312,1.609213610490163,0.006894749589264393,385.0,1,16,0.7925154566764832,0.9857077285131833,0.46638267161829117,0.4711433057930275,2.6455579335378188,hybrid_lw8,1,hybrid,8,toyfm-topk-temp-2d-k16,toy,0.4576557188732111,codemaivanngu_toyfm-topk-temp-2d-k16,2,1.0,2,0.008777887560427189,1,0.8588571428571429,0.4515153765678406,0.936956918494136,0.04612089321017265,t1_tau05,distilled,0.5,1.7716761827468872,1,1.2731263763509226,3.9135017953644664,uniform,1,t1_tau05,1.0625633001327515,1.1269657611846924,0.9428532719612122
outputs/kaggle/toy_moe2_fm_source_20260524/codemaivanngu_toyfm-topk-temp-2d-k16/toy_moe2_fm/toyfm-topk-temp-2d-k16/toy_moe2_fm_summary.csv,0.9999991655349731,spiral_blobs,2.329066514968872,1.5273959636688232,1.5241999626159668,0.0003,1000,0.914883017539978,0.7855108777681986,1.609213610490163,0.006894749589264393,385.0,1,16,0.7925154566764832,0.9857077285131833,0.46638267161829117,0.4711433057930275,2.6455579335378188,hybrid_lw8,1,hybrid,8,toyfm-topk-temp-2d-k16,toy,0.48813337933982154,codemaivanngu_toyfm-topk-temp-2d-k16,2,1.0,2,0.007458931766450405,1,0.8588571428571429,0.4515153765678406,0.936956918494136,0.04612089321017265,t1_tau10,distilled,1.0,1.7814946174621582,1,1.08182779807761,3.89013974852923,uniform,1,t1_tau10,1.0278747081756592,1.0241010189056396,1.0036848783493042
outputs/kaggle/toy_moe2_fm_source_20260524/codemaivanngu_toyfm-topk-temp-2d-k16/toy_moe2_fm/toyfm-topk-temp-2d-k16/toy_moe2_fm_summary.csv,0.9999991655349731,spiral_blobs,2.1884524822235107,1.5273959636688232,1.5241999626159668,0.0003,1000,0.5531398057937622,0.6127240061759949,1.609213610490163,0.006894749589264393,385.0,1,16,0.7925154566764832,0.9857077285131833,0.46638267161829117,0.4711433057930275,2.6455579335378188,hybrid_lw8,1,hybrid,8,toyfm-topk-temp-2d-k16,toy,0.38075989550533346,codemaivanngu_toyfm-topk-temp-2d-k16,2,1.0,2,0.010082073509693146,1,0.8588571428571429,0.4515153765678406,0.936956918494136,0.04612089321017265,t2_tau05,distilled,0.5,1.7605328559875488,1,1.4622827673671628,3.745700779607179,uniform,2,t2_tau05,0.9812778830528259,0.9927420616149902,0.9884520173072815
outputs/kaggle/toy_moe2_fm_source_20260524/codemaivanngu_toyfm-topk-temp-2d-k16/toy_moe2_fm/toyfm-topk-temp-2d-k16/toy_moe2_fm_summary.csv,0.9999991655349731,spiral_blobs,2.2106854915618896,1.5273959636688232,1.5241999626159668,0.0003,1000,0.48423337936401367,0.5506644447644552,1.609213610490163,0.006894749589264393,385.0,1,16,0.7925154566764832,0.9857077285131833,0.46638267161829117,0.4711433057930275,2.6455579335378188,hybrid_lw8,1,hybrid,8,toyfm-topk-temp-2d-k16,toy,0.3421947472820118,codemaivanngu_toyfm-topk-temp-2d-k16,2,1.0,2,0.006087232381105423,1,0.8588571428571429,0.4515153765678406,0.936956918494136,0.04612089321017265,t2_tau10,distilled,1.0,1.7902555465698242,1,0.8828794000849094,3.8986272023876842,uniform,2,t2_tau10,0.9581388235092163,0.98148512840271,0.976213276386261
outputs/kaggle/toy_moe2_fm_source_20260524/codemaivanngu_toyfm-topk-temp-2d-k16/toy_moe2_fm/toyfm-topk-temp-2d-k16/toy_moe2_fm_summary.csv,0.9999991655349731,spiral_blobs,2.1977450847625732,1.5273959636688232,1.5241999626159668,0.0003,1000,0.5610787868499756,0.581536054611206,1.609213610490163,0.006894749589264393,385.0,1,16,0.7925154566764832,0.9857077285131833,0.46638267161829117,0.4711433057930275,2.6455579335378188,hybrid_lw8,1,hybrid,8,toyfm-topk-temp-2d-k16,toy,0.3613790306148799,codemaivanngu_toyfm-topk-temp-2d-k16,2,1.0,2,0.0074635655619204044,1,0.8588571428571429,0.4515153765678406,0.936956918494136,0.04612089321017265,t2_tau15,distilled,1.5,1.6581273078918457,1,1.082499874040632,3.3784800820941356,uniform,2,t2_tau15,0.9347813725471497,0.9567689299583435,0.9770189523696899
outputs/kaggle/toy_moe2_fm_source_20260524/codemaivanngu_toyfm-topk-temp-2d-k16/toy_moe2_fm/toyfm-topk-temp-2d-k16/toy_moe2_fm_summary.csv,0.9999991655349731,spiral_blobs,2.2335782051086426,1.5273959636688232,1.5241999626159668,0.0003,1000,0.4639529585838318,0.5094364186127981,1.609213610490163,0.006894749589264393,385.0,1,16,0.7925154566764832,0.9857077285131833,0.46638267161829117,0.4711433057930275,2.6455579335378188,hybrid_lw8,1,hybrid,8,toyfm-topk-temp-2d-k16,toy,0.316574763780195,codemaivanngu_toyfm-topk-temp-2d-k16,2,1.0,2,0.010496101342141628,1,0.8588571428571429,0.4515153765678406,0.936956918494136,0.04612089321017265,t4_tau10,distilled,1.0,1.6382346153259277,1,1.5223324946398042,3.347618704553396,uniform,4,t4_tau10,0.888830840587616,0.8926374912261963,0.9957355260848999
outputs/kaggle/toy_moe2_fm_source_20260524/codemaivanngu_toyfm-topk-temp-2d-k16/toy_moe2_fm/toyfm-topk-temp-2d-k16/toy_moe2_fm_summary.csv,0.9999991655349731,spiral_blobs,2.2257320880889893,1.5273959636688232,1.5241999626159668,0.0003,1000,0.5147702693939209,0.4394129117329915,1.609213610490163,0.006894749589264393,385.0,1,16,0.7925154566764832,0.9857077285131833,0.46638267161829117,0.4711433057930275,2.6455579335378188,hybrid_lw8,1,hybrid,8,toyfm-topk-temp-2d-k16,toy,0.2730606482996047,codemaivanngu_toyfm-topk-temp-2d-k16,2,1.0,2,0.017916271463036537,1,0.8588571428571429,0.4515153765678406,0.936956918494136,0.04612089321017265,t8_tau10,distilled,1.0,1.5995999574661255,1,2.598538385053668,3.1668548505227774,uniform,8,t8_tau10,0.8484362363815308,0.8731666803359985,0.971677303314209
outputs/kaggle/toy_moe2_fm_source_20260524/codemaivanngu_toyfm-topk-temp-2d-k16/toy_moe2_fm/toyfm-topk-temp-2d-k16/toy_moe2_fm_summary.csv,0.9999985694885254,pinwheel,2.0436291694641113,1.7011661529541016,1.6771726608276367,0.0003,1000,1.5708162784576416,1.560802400112152,1.560802400112152,0.017040062695741653,,,16,,,,,,none,0,none,0,toyfm-topk-temp-2d-k16,toy,1.0,codemaivanngu_toyfm-topk-temp-2d-k16,2,1.0,2,0.017040062695741653,,,,,,gaussian,gaussian,1.0,1.7173938751220703,1,1.0,3.941049603536373,uniform,1,gaussian,0.9791350364685059,0.9361129999160767,1.045958161354065
outputs/kaggle/toy_moe2_fm_source_20260524/codemaivanngu_toyfm-topk-temp-2d-k16/toy_moe2_fm/toyfm-topk-temp-2d-k16/toy_moe2_fm_summary.csv,0.9999985694885254,pinwheel,2.2424004077911377,1.7011661529541016,1.6771726608276367,0.0003,1000,1.109114170074463,1.0335190792878468,1.560802400112152,0.017040062695741653,73.0,0,16,0.9505993723869324,0.9425302801355192,0.6414397346260737,0.3764726849655668,2.790107139702928,hybrid_lw8,1,hybrid,8,toyfm-topk-temp-2d-k16,toy,0.6621716363413991,codemaivanngu_toyfm-topk-temp-2d-k16,2,1.0,2,0.01103227585554123,0,0.9014285714285715,0.3542265295982361,0.858754450784537,0.043301913887262344,t1_tau05,distilled,0.5,1.6671686172485352,1,0.647431646967955,3.6405544189117904,uniform,1,t1_tau05,0.9516536593437195,0.9829137325286865,0.9681965112686157
outputs/kaggle/toy_moe2_fm_source_20260524/codemaivanngu_toyfm-topk-temp-2d-k16/toy_moe2_fm/toyfm-topk-temp-2d-k16/toy_moe2_fm_summary.csv,0.9999985694885254,pinwheel,2.2976934909820557,1.7011661529541016,1.6771726608276367,0.0003,1000,0.9822674989700317,0.9891459345817566,1.560802400112152,0.017040062695741653,73.0,0,16,0.9505993723869324,0.9425302801355192,0.6414397346260737,0.3764726849655668,2.790107139702928,hybrid_lw8,1,hybrid,8,toyfm-topk-temp-2d-k16,toy,0.6337419358854658,codemaivanngu_toyfm-topk-temp-2d-k16,2,1.0,2,0.011588064953684807,0,0.9014285714285715,0.3542265295982361,0.858754450784537,0.043301913887262344,t1_tau10,distilled,1.0,1.7076046466827393,1,0.680048258072471,3.7924650873153904,uniform,1,t1_tau10,0.9096078872680664,0.9306178689002991,0.9774236083030701
outputs/kaggle/toy_moe2_fm_source_20260524/codemaivanngu_toyfm-topk-temp-2d-k16/toy_moe2_fm/toyfm-topk-temp-2d-k16/toy_moe2_fm_summary.csv,0.9999985694885254,pinwheel,2.1995553970336914,1.7011661529541016,1.6771726608276367,0.0003,1000,0.8093599081039429,0.8149421711762747,1.560802400112152,0.017040062695741653,73.0,0,16,0.9505993723869324,0.9425302801355192,0.6414397346260737,0.3764726849655668,2.790107139702928,hybrid_lw8,1,hybrid,8,toyfm-topk-temp-2d-k16,toy,0.5221302652518452,codemaivanngu_toyfm-topk-temp-2d-k16,2,1.0,2,0.013299847953021526,0,0.9014285714285715,0.3542265295982361,0.858754450784537,0.043301913887262344,t2_tau05,distilled,0.5,1.5944461822509766,1,0.7805046372479125,3.3567607426156307,uniform,2,t2_tau05,0.7741690874099731,0.7527804970741272,1.0284128189086914
outputs/kaggle/toy_moe2_fm_source_20260524/codemaivanngu_toyfm-topk-temp-2d-k16/toy_moe2_fm/toyfm-topk-temp-2d-k16/toy_moe2_fm_summary.csv,0.9999985694885254,pinwheel,2.1873679161071777,1.7011661529541016,1.6771726608276367,0.0003,1000,0.7742173075675964,0.8160616258780161,1.560802400112152,0.017040062695741653,73.0,0,16,0.9505993723869324,0.9425302801355192,0.6414397346260737,0.3764726849655668,2.790107139702928,hybrid_lw8,1,hybrid,8,toyfm-topk-temp-2d-k16,toy,0.5228474955057589,codemaivanngu_toyfm-topk-temp-2d-k16,2,1.0,2,0.010661656968295574,0,0.9014285714285715,0.3542265295982361,0.858754450784537,0.043301913887262344,t2_tau10,distilled,1.0,1.5760585069656372,1,0.6256817922952798,3.2437451730162192,uniform,2,t2_tau10,0.7450487017631531,0.7085422277450562,1.0515233278274536
outputs/kaggle/toy_moe2_fm_source_20260524/codemaivanngu_toyfm-topk-temp-2d-k16/toy_moe2_fm/toyfm-topk-temp-2d-k16/toy_moe2_fm_summary.csv,0.9999985694885254,pinwheel,2.2401082515716553,1.7011661529541016,1.6771726608276367,0.0003,1000,0.8867893218994141,0.7666437327861786,1.560802400112152,0.017040062695741653,73.0,0,16,0.9505993723869324,0.9425302801355192,0.6414397346260737,0.3764726849655668,2.790107139702928,hybrid_lw8,1,hybrid,8,toyfm-topk-temp-2d-k16,toy,0.4911856444679295,codemaivanngu_toyfm-topk-temp-2d-k16,2,1.0,2,0.017260385677218437,0,0.9014285714285715,0.3542265295982361,0.858754450784537,0.043301913887262344,t2_tau15,distilled,1.5,1.5569310188293457,1,1.012929704861464,3.105124277689016,uniform,2,t2_tau15,0.744617760181427,0.7453802227973938,0.9989770650863647
outputs/kaggle/toy_moe2_fm_source_20260524/codemaivanngu_toyfm-topk-temp-2d-k16/toy_moe2_fm/toyfm-topk-temp-2d-k16/toy_moe2_fm_summary.csv,0.9999985694885254,pinwheel,2.178528070449829,1.7011661529541016,1.6771726608276367,0.0003,1000,0.5910425186157227,0.6276883979638418,1.560802400112152,0.017040062695741653,73.0,0,16,0.9505993723869324,0.9425302801355192,0.6414397346260737,0.3764726849655668,2.790107139702928,hybrid_lw8,1,hybrid,8,toyfm-topk-temp-2d-k16,toy,0.4021575043187651,codemaivanngu_toyfm-topk-temp-2d-k16,2,1.0,2,0.015107637271285057,0,0.9014285714285715,0.3542265295982361,0.858754450784537,0.043301913887262344,t4_tau10,distilled,1.0,1.4787474870681763,1,0.8865951693393996,2.7724658273608895,uniform,4,t4_tau10,0.6765804886817932,0.7017184495925903,0.964176595211029
outputs/kaggle/toy_moe2_fm_source_20260524/codemaivanngu_toyfm-topk-temp-2d-k16/toy_moe2_fm/toyfm-topk-temp-2d-k16/toy_moe2_fm_summary.csv,0.9999985694885254,pinwheel,2.253472089767456,1.7011661529541016,1.6771726608276367,0.0003,1000,0.5187340974807739,0.5674075881640116,1.560802400112152,0.017040062695741653,73.0,0,16,0.9505993723869324,0.9425302801355192,0.6414397346260737,0.3764726849655668,2.790107139702928,hybrid_lw8,1,hybrid,8,toyfm-topk-temp-2d-k16,toy,0.36353582498543074,codemaivanngu_toyfm-topk-temp-2d-k16,2,1.0,2,0.012276999652385712,0,0.9014285714285715,0.3542265295982361,0.858754450784537,0.043301913887262344,t8_tau10,distilled,1.0,1.4006059169769287,1,0.720478549380793,2.483672113769642,uniform,8,t8_tau10,0.6036510467529297,0.6161753535270691,0.9796741008758545
outputs/kaggle/toy_moe2_fm_source_20260524/hoanganpham123_toyfm-retune-2d-k16/toy_moe2_fm/toyfm-retune-2d-k16/toy_moe2_fm_summary.csv,0.9999984502792358,nested_rings,6.967128276824951,1.5158852338790894,1.5133212804794312,0.0003,1000,1.583735466003418,1.4844241937001545,1.4844241937001545,0.015536962077021599,,,16,,,,,,none,0,none,0,toyfm-retune-2d-k16,toy,1.0,hoanganpham123_toyfm-retune-2d-k16,2,1.0,2,0.015536962077021599,,,,,,gaussian,gaussian,1.0,1.623654842376709,1,1.0,3.4162491420757743,uniform,1,gaussian,0.9630141258239746,1.0174530744552612,0.9464948773384094
outputs/kaggle/toy_moe2_fm_source_20260524/hoanganpham123_toyfm-retune-2d-k16/toy_moe2_fm/toyfm-retune-2d-k16/toy_moe2_fm_summary.csv,0.9999984502792358,nested_rings,8.25872540473938,1.5158852338790894,1.5133212804794312,0.0003,1000,0.7331281900405884,0.6824025313059489,1.4844241937001545,0.015536962077021599,373.0,2,16,0.6761714220046997,0.9947688064565413,0.6035681492229591,0.3595649486131914,2.7428085689932202,hybrid_lw8,1,hybrid,8,toyfm-retune-2d-k16,toy,0.45970857535335374,hoanganpham123_toyfm-retune-2d-k16,2,1.0,2,0.007822884246706963,2,0.9691428571428572,0.3633306622505188,0.9326309356551172,0.01693269982933998,lr3e4_uniform,distilled,1.0,1.7729425430297852,1,0.5035015344651335,3.7753899287877974,uniform,2,lr3e4_uniform,0.9187794923782349,0.9499412775039673,0.9671961069107056
outputs/kaggle/toy_moe2_fm_source_20260524/hoanganpham123_toyfm-retune-2d-k16/toy_moe2_fm/toyfm-retune-2d-k16/toy_moe2_fm_summary.csv,0.9999984502792358,nested_rings,2.0988967418670654,1.5158852338790894,1.5133212804794312,0.0001,1000,0.6845448017120361,0.694361557563146,1.4844241937001545,0.015536962077021599,373.0,2,16,0.6761714220046997,0.9947688064565413,0.6035681492229591,0.3595649486131914,2.7428085689932202,hybrid_lw8,1,hybrid,8,toyfm-retune-2d-k16,toy,0.4677649155207741,hoanganpham123_toyfm-retune-2d-k16,2,1.0,2,0.01238639373332262,2,0.9691428571428572,0.3633306622505188,0.9326309356551172,0.01693269982933998,lr1e4_uniform,distilled,1.0,1.7188856601715088,1,0.7972210829838792,3.632591523715896,uniform,2,lr1e4_uniform,0.915461003780365,0.9121032953262329,1.0036813020706177
outputs/kaggle/toy_moe2_fm_source_20260524/hoanganpham123_toyfm-retune-2d-k16/toy_moe2_fm/toyfm-retune-2d-k16/toy_moe2_fm_summary.csv,0.9999984502792358,nested_rings,2.1105613708496094,1.5158852338790894,1.5133212804794312,5e-05,1000,0.7558801770210266,0.7517382303873698,1.4844241937001545,0.015536962077021599,373.0,2,16,0.6761714220046997,0.9947688064565413,0.6035681492229591,0.3595649486131914,2.7428085689932202,hybrid_lw8,1,hybrid,8,toyfm-retune-2d-k16,toy,0.5064173930724931,hoanganpham123_toyfm-retune-2d-k16,2,1.0,2,0.009860346093773842,2,0.9691428571428572,0.3633306622505188,0.9326309356551172,0.01693269982933998,lr5e5_uniform,distilled,1.0,1.723599910736084,1,0.6346379713674405,3.7064823062459804,uniform,2,lr5e5_uniform,0.9341576099395752,0.92249596118927,1.012641429901123
outputs/kaggle/toy_moe2_fm_source_20260524/hoanganpham123_toyfm-retune-2d-k16/toy_moe2_fm/toyfm-retune-2d-k16/toy_moe2_fm_summary.csv,0.9999984502792358,nested_rings,11.37043023109436,1.5158852338790894,1.5133212804794312,0.0001,1000,1.083604335784912,1.0374087889989216,1.4844241937001545,0.015536962077021599,373.0,2,16,0.6761714220046997,0.9947688064565413,0.6035681492229591,0.3595649486131914,2.7428085689932202,hybrid_lw8,1,hybrid,8,toyfm-retune-2d-k16,toy,0.6988627599857568,hoanganpham123_toyfm-retune-2d-k16,2,1.0,2,0.05086018145084381,2,0.9691428571428572,0.3633306622505188,0.9326309356551172,0.01693269982933998,lr1e4_beta13,distilled,1.0,1.7330074310302734,1,3.2734958866935457,3.5706765565876792,beta13,2,lr1e4_beta13,0.897508442401886,0.9461783766746521,0.9485615491867065
outputs/kaggle/toy_moe2_fm_source_20260524/hoanganpham123_toyfm-retune-2d-k16/toy_moe2_fm/toyfm-retune-2d-k16/toy_moe2_fm_summary.csv,0.9999984502792358,nested_rings,11.58066701889038,1.5158852338790894,1.5133212804794312,0.0001,1000,0.3393721878528595,0.380540465315183,1.4844241937001545,0.015536962077021599,373.0,2,16,0.6761714220046997,0.9947688064565413,0.6035681492229591,0.3595649486131914,2.7428085689932202,hybrid_lw8,1,hybrid,8,toyfm-retune-2d-k16,toy,0.2563556070631183,hoanganpham123_toyfm-retune-2d-k16,2,1.0,2,0.100506491959095,2,0.9691428571428572,0.3633306622505188,0.9326309356551172,0.01693269982933998,lr1e4_beta31,distilled,1.0,1.7272052764892578,1,6.46886382684419,3.620130605985894,beta31,2,lr1e4_beta31,0.9131377935409546,0.9389491081237793,0.9725103974342346
outputs/kaggle/toy_moe2_fm_source_20260524/hoanganpham123_toyfm-retune-2d-k16/toy_moe2_fm/toyfm-retune-2d-k16/toy_moe2_fm_summary.csv,0.9999984502792358,nested_rings,11.369670629501343,1.5158852338790894,1.5133212804794312,0.0001,1000,0.6695107221603394,0.6703554391860962,1.4844241937001545,0.015536962077021599,373.0,2,16,0.6761714220046997,0.9947688064565413,0.6035681492229591,0.3595649486131914,2.7428085689932202,hybrid_lw8,1,hybrid,8,toyfm-retune-2d-k16,toy,0.45159290857092044,hoanganpham123_toyfm-retune-2d-k16,2,1.0,2,0.042248643934726715,2,0.9691428571428572,0.3633306622505188,0.9326309356551172,0.01693269982933998,lr1e4_beta22,distilled,1.0,1.7593393325805664,1,2.7192345405290252,3.8753727618372062,beta22,2,lr1e4_beta22,0.9124791622161865,0.9205908179283142,0.991188645362854
outputs/kaggle/toy_moe2_fm_source_20260524/hoanganpham123_toyfm-retune-2d-k16/toy_moe2_fm/toyfm-retune-2d-k16/toy_moe2_fm_summary.csv,0.999999463558197,spiral_blobs,1.986555814743042,1.52548086643219,1.5117424726486206,0.0003,1000,1.5878732204437256,1.5924248695373535,1.5924248695373535,0.010771156288683414,,,16,,,,,,none,0,none,0,toyfm-retune-2d-k16,toy,1.0,hoanganpham123_toyfm-retune-2d-k16,2,1.0,2,0.010771156288683414,,,,,,gaussian,gaussian,1.0,1.8688606023788452,1,1.0,4.290756938879576,uniform,1,gaussian,1.034112572669983,0.9935650825500488,1.0408101081848145
outputs/kaggle/toy_moe2_fm_source_20260524/hoanganpham123_toyfm-retune-2d-k16/toy_moe2_fm/toyfm-retune-2d-k16/toy_moe2_fm_summary.csv,0.999999463558197,spiral_blobs,2.1231396198272705,1.52548086643219,1.5117424726486206,0.0003,1000,0.6461670398712158,0.5961267153422037,1.5924248695373535,0.010771156288683414,65.6,0,16,0.6323399543762207,0.989052791072465,0.42311584127977236,0.5264023041520872,2.664622976087214,hybrid_lw8,1,hybrid,8,toyfm-retune-2d-k16,toy,0.3743515482243104,hoanganpham123_toyfm-retune-2d-k16,2,1.0,2,0.009473564103245735,1,0.8654285714285714,0.4901180565357208,0.9536353062829931,0.06322011351585388,lr3e4_uniform,distilled,1.0,1.7568632364273071,1,0.8795308367402506,3.7808388692890658,uniform,2,lr3e4_uniform,0.9303553700447083,0.9265878796577454,1.004065990447998
outputs/kaggle/toy_moe2_fm_source_20260524/hoanganpham123_toyfm-retune-2d-k16/toy_moe2_fm/toyfm-retune-2d-k16/toy_moe2_fm_summary.csv,0.999999463558197,spiral_blobs,2.2240183353424072,1.52548086643219,1.5117424726486206,0.0001,1000,0.516516923904419,0.6150792241096497,1.5924248695373535,0.010771156288683414,65.6,0,16,0.6323399543762207,0.989052791072465,0.42311584127977236,0.5264023041520872,2.664622976087214,hybrid_lw8,1,hybrid,8,toyfm-retune-2d-k16,toy,0.3862532141239092,hoanganpham123_toyfm-retune-2d-k16,2,1.0,2,0.013055115938186646,1,0.8654285714285714,0.4901180565357208,0.9536353062829931,0.06322011351585388,lr1e4_uniform,distilled,1.0,1.8101348876953125,1,1.2120440543512347,3.8851562538087903,uniform,2,lr1e4_uniform,0.9277704954147339,0.9236053228378296,1.004509687423706
outputs/kaggle/toy_moe2_fm_source_20260524/hoanganpham123_toyfm-retune-2d-k16/toy_moe2_fm/toyfm-retune-2d-k16/toy_moe2_fm_summary.csv,0.999999463558197,spiral_blobs,2.1538355350494385,1.52548086643219,1.5117424726486206,5e-05,1000,0.5834672451019287,0.6245609720547994,1.5924248695373535,0.010771156288683414,65.6,0,16,0.6323399543762207,0.989052791072465,0.42311584127977236,0.5264023041520872,2.664622976087214,hybrid_lw8,1,hybrid,8,toyfm-retune-2d-k16,toy,0.39220749688257056,hoanganpham123_toyfm-retune-2d-k16,2,1.0,2,0.018376778811216354,1,0.8654285714285714,0.4901180565357208,0.9536353062829931,0.06322011351585388,lr5e5_uniform,distilled,1.0,1.7166942358016968,1,1.7061101258482059,3.6267695025185147,uniform,2,lr5e5_uniform,0.9408264756202698,0.9498491883277893,0.9905009269714355
outputs/kaggle/toy_moe2_fm_source_20260524/hoanganpham123_toyfm-retune-2d-k16/toy_moe2_fm/toyfm-retune-2d-k16/toy_moe2_fm_summary.csv,0.999999463558197,spiral_blobs,2.788470506668091,1.52548086643219,1.5117424726486206,0.0001,1000,0.899748682975769,0.9557595054308573,1.5924248695373535,0.010771156288683414,65.6,0,16,0.6323399543762207,0.989052791072465,0.42311584127977236,0.5264023041520872,2.664622976087214,hybrid_lw8,1,hybrid,8,toyfm-retune-2d-k16,toy,0.6001912703790752,hoanganpham123_toyfm-retune-2d-k16,2,1.0,2,0.04847050458192825,1,0.8654285714285714,0.4901180565357208,0.9536353062829931,0.06322011351585388,lr1e4_beta13,distilled,1.0,1.8061599731445312,1,4.500027971263698,3.98520059183509,beta13,2,lr1e4_beta13,0.9563023447990417,0.9368143677711487,1.02080237865448
outputs/kaggle/toy_moe2_fm_source_20260524/hoanganpham123_toyfm-retune-2d-k16/toy_moe2_fm/toyfm-retune-2d-k16/toy_moe2_fm_summary.csv,0.999999463558197,spiral_blobs,2.758756637573242,1.52548086643219,1.5117424726486206,0.0001,1000,0.28568601608276367,0.2968853215376536,1.5924248695373535,0.010771156288683414,65.6,0,16,0.6323399543762207,0.989052791072465,0.42311584127977236,0.5264023041520872,2.664622976087214,hybrid_lw8,1,hybrid,8,toyfm-retune-2d-k16,toy,0.1864359990960877,hoanganpham123_toyfm-retune-2d-k16,2,1.0,2,0.062543123960495,1,0.8654285714285714,0.4901180565357208,0.9536353062829931,0.06322011351585388,lr1e4_beta31,distilled,1.0,1.7326385974884033,1,5.806537597658403,3.663546893407325,beta31,2,lr1e4_beta31,0.9467759728431702,0.947828471660614,0.9988895654678345
outputs/kaggle/toy_moe2_fm_source_20260524/hoanganpham123_toyfm-retune-2d-k16/toy_moe2_fm/toyfm-retune-2d-k16/toy_moe2_fm_summary.csv,0.999999463558197,spiral_blobs,2.6759538650512695,1.52548086643219,1.5117424726486206,0.0001,1000,0.5616182088851929,0.5468397587537766,1.5924248695373535,0.010771156288683414,65.6,0,16,0.6323399543762207,0.989052791072465,0.42311584127977236,0.5264023041520872,2.664622976087214,hybrid_lw8,1,hybrid,8,toyfm-retune-2d-k16,toy,0.3434006647438567,hoanganpham123_toyfm-retune-2d-k16,2,1.0,2,0.02618264965713024,1,0.8654285714285714,0.4901180565357208,0.9536353062829931,0.06322011351585388,lr1e4_beta22,distilled,1.0,1.7817186117172241,1,2.430811414800352,3.8701728538030515,beta22,2,lr1e4_beta22,0.9454944133758545,0.9453952312469482,1.0001049041748047
outputs/kaggle/toy_moe2_fm_source_20260524/hoanganpham123_toyfm-retune-2d-k16/toy_moe2_fm/toyfm-retune-2d-k16/toy_moe2_fm_summary.csv,1.000001072883606,pinwheel,1.9538979530334473,1.6852483749389648,1.6726258993148804,0.0003,1000,1.7028217315673828,1.58047616481781,1.58047616481781,0.013037234544754028,,,16,,,,,,none,0,none,0,toyfm-retune-2d-k16,toy,1.0,hoanganpham123_toyfm-retune-2d-k16,2,1.0,2,0.013037234544754028,,,,,,gaussian,gaussian,1.0,1.6371207237243652,1,1.0,3.548261532851571,uniform,1,gaussian,0.9405159950256348,0.9817084074020386,0.9580400586128235
outputs/kaggle/toy_moe2_fm_source_20260524/hoanganpham123_toyfm-retune-2d-k16/toy_moe2_fm/toyfm-retune-2d-k16/toy_moe2_fm_summary.csv,1.000001072883606,pinwheel,2.1765997409820557,1.6852483749389648,1.6726258993148804,0.0003,1000,0.7453598976135254,0.7475306193033854,1.58047616481781,0.013037234544754028,46.07142857142857,0,16,0.8217628002166748,0.9580024413464155,0.6381010813717943,0.4069650063711208,2.8223415116677653,hybrid_lw8,1,hybrid,8,toyfm-retune-2d-k16,toy,0.47297810365242504,hoanganpham123_toyfm-retune-2d-k16,2,1.0,2,0.011893698014318943,0,0.9208571428571428,0.3745463788509369,0.8304123336626306,0.048562660813331604,lr3e4_uniform,distilled,1.0,1.591135025024414,1,0.9122868790532556,3.313881205319489,uniform,2,lr3e4_uniform,0.7726883888244629,0.7595333456993103,1.017319917678833
outputs/kaggle/toy_moe2_fm_source_20260524/hoanganpham123_toyfm-retune-2d-k16/toy_moe2_fm/toyfm-retune-2d-k16/toy_moe2_fm_summary.csv,1.000001072883606,pinwheel,2.1162033081054688,1.6852483749389648,1.6726258993148804,0.0001,1000,0.7612294554710388,0.8586447636286417,1.58047616481781,0.013037234544754028,46.07142857142857,0,16,0.8217628002166748,0.9580024413464155,0.6381010813717943,0.4069650063711208,2.8223415116677653,hybrid_lw8,1,hybrid,8,toyfm-retune-2d-k16,toy,0.5432823238606843,hoanganpham123_toyfm-retune-2d-k16,2,1.0,2,0.012341481633484364,0,0.9208571428571428,0.3745463788509369,0.8304123336626306,0.048562660813331604,lr1e4_uniform,distilled,1.0,1.557973027229309,1,0.9466333976825151,3.1094149836359675,uniform,2,lr1e4_uniform,0.7162451148033142,0.7030192613601685,1.018812894821167
outputs/kaggle/toy_moe2_fm_source_20260524/hoanganpham123_toyfm-retune-2d-k16/toy_moe2_fm/toyfm-retune-2d-k16/toy_moe2_fm_summary.csv,1.000001072883606,pinwheel,2.109020948410034,1.6852483749389648,1.6726258993148804,5e-05,1000,0.8778272271156311,0.875844399134318,1.58047616481781,0.013037234544754028,46.07142857142857,0,16,0.8217628002166748,0.9580024413464155,0.6381010813717943,0.4069650063711208,2.8223415116677653,hybrid_lw8,1,hybrid,8,toyfm-retune-2d-k16,toy,0.5541648894371535,hoanganpham123_toyfm-retune-2d-k16,2,1.0,2,0.0216914564371109,0,0.9208571428571428,0.3745463788509369,0.8304123336626306,0.048562660813331604,lr5e5_uniform,distilled,1.0,1.6627471446990967,1,1.663808099996114,3.468922683464048,uniform,2,lr5e5_uniform,0.7644275426864624,0.7439993619918823,1.0274572372436523
outputs/kaggle/toy_moe2_fm_source_20260524/hoanganpham123_toyfm-retune-2d-k16/toy_moe2_fm/toyfm-retune-2d-k16/toy_moe2_fm_summary.csv,1.000001072883606,pinwheel,2.7406539916992188,1.6852483749389648,1.6726258993148804,0.0001,1000,1.1896440982818604,1.1209492683410645,1.58047616481781,0.013037234544754028,46.07142857142857,0,16,0.8217628002166748,0.9580024413464155,0.6381010813717943,0.4069650063711208,2.8223415116677653,hybrid_lw8,1,hybrid,8,toyfm-retune-2d-k16,toy,0.7092478161290603,hoanganpham123_toyfm-retune-2d-k16,2,1.0,2,0.06596443057060242,0,0.9208571428571428,0.3745463788509369,0.8304123336626306,0.048562660813331604,lr1e4_beta13,distilled,1.0,1.5954456329345703,1,5.059695010023843,3.277770183530925,beta13,2,lr1e4_beta13,0.7578466534614563,0.7120222449302673,1.064358115196228
outputs/kaggle/toy_moe2_fm_source_20260524/hoanganpham123_toyfm-retune-2d-k16/toy_moe2_fm/toyfm-retune-2d-k16/toy_moe2_fm_summary.csv,1.000001072883606,pinwheel,2.720630168914795,1.6852483749389648,1.6726258993148804,0.0001,1000,0.49454015493392944,0.45465237895647687,1.58047616481781,0.013037234544754028,46.07142857142857,0,16,0.8217628002166748,0.9580024413464155,0.6381010813717943,0.4069650063711208,2.8223415116677653,hybrid_lw8,1,hybrid,8,toyfm-retune-2d-k16,toy,0.2876679756881288,hoanganpham123_toyfm-retune-2d-k16,2,1.0,2,0.18906170129776,0,0.9208571428571428,0.3745463788509369,0.8304123336626306,0.048562660813331604,lr1e4_beta31,distilled,1.0,1.6541776657104492,1,14.501672164349868,3.776320733195128,beta31,2,lr1e4_beta31,0.7860888838768005,0.7387208938598633,1.0641216039657593
outputs/kaggle/toy_moe2_fm_source_20260524/hoanganpham123_toyfm-retune-2d-k16/toy_moe2_fm/toyfm-retune-2d-k16/toy_moe2_fm_summary.csv,1.000001072883606,pinwheel,2.6615169048309326,1.6852483749389648,1.6726258993148804,0.0001,1000,0.7386146187782288,0.8306065698464712,1.58047616481781,0.013037234544754028,46.07142857142857,0,16,0.8217628002166748,0.9580024413464155,0.6381010813717943,0.4069650063711208,2.8223415116677653,hybrid_lw8,1,hybrid,8,toyfm-retune-2d-k16,toy,0.5255419780039642,hoanganpham123_toyfm-retune-2d-k16,2,1.0,2,0.04226892068982124,0,0.9208571428571428,0.3745463788509369,0.8304123336626306,0.048562660813331604,lr1e4_beta22,distilled,1.0,1.587794542312622,1,3.242169230347211,3.3793267485295715,beta22,2,lr1e4_beta22,0.7448261976242065,0.6866921186447144,1.084658145904541
outputs/kaggle/toy_moe2_fm_source_20260524/huynhtule_toyfm-router-image-pca32-k32/toy_moe2_fm/toyfm-router-image-pca32-k32/toy_moe2_fm_summary.csv,0.9999986886978149,mnist,6.919644832611084,2.2871153354644775,0.5795009732246399,0.0003,1200,1.874766230583191,1.92934912443161,1.92934912443161,0.011182252317667007,,,32,,,,,,none,0,none,0,toyfm-router-image-pca32-k32,keras,1.0,huynhtule_toyfm-router-image-pca32-k32,32,0.7472068071365356,784,0.011182252317667007,,,,,,gaussian,gaussian,1.0,7.88149356842041,1,1.0,63.26268657801549,uniform,1,gaussian,1.001954197883606,1.006630778312683,0.995354175567627
outputs/kaggle/toy_moe2_fm_source_20260524/huynhtule_toyfm-router-image-pca32-k32/toy_moe2_fm/toyfm-router-image-pca32-k32/toy_moe2_fm_summary.csv,0.9999986886978149,mnist,6.578078031539917,2.2871153354644775,0.5795009732246399,0.0003,1200,1.5874911546707153,1.5863680243492126,1.92934912443161,0.011182252317667007,6.553191489361702,0,32,0.2511991858482361,0.9814429371336175,0.06003742188463402,0.9193925020186493,39.45657222505039,split_lw8,1,split,8,toyfm-router-image-pca32-k32,keras,0.8222296339531393,huynhtule_toyfm-router-image-pca32-k32,32,0.7472068071365356,784,0.022440772503614426,0,0.8765,0.8018752336502075,0.9791090414568416,0.2487926483154297,direct_split,direct,1.0,7.965462684631348,1,2.006820438862743,64.77185975516355,uniform,1,direct_split,1.014399766921997,1.0121039152145386,1.0022684335708618
outputs/kaggle/toy_moe2_fm_source_20260524/huynhtule_toyfm-router-image-pca32-k32/toy_moe2_fm/toyfm-router-image-pca32-k32/toy_moe2_fm_summary.csv,0.9999986886978149,mnist,8.250105857849121,2.2871153354644775,0.5795009732246399,0.0003,1200,1.4744164943695068,1.4173622528711955,1.92934912443161,0.011182252317667007,6.553191489361702,0,32,0.2511991858482361,0.9814429371336175,0.06003742188463402,0.9193925020186493,39.45657222505039,split_lw8,1,split,8,toyfm-router-image-pca32-k32,keras,0.7346323352901477,huynhtule_toyfm-router-image-pca32-k32,32,0.7472068071365356,784,0.023392580449581146,0,0.8765,0.8018752336502075,0.9791090414568416,0.2487926483154297,distill_split_t2,distilled,1.0,7.559042453765869,1,2.091938169971613,58.333917110327576,uniform,2,distill_split_t2,0.9165403246879578,0.9160489439964294,1.0005364418029785
outputs/kaggle/toy_moe2_fm_source_20260524/huynhtule_toyfm-router-image-pca32-k32/toy_moe2_fm/toyfm-router-image-pca32-k32/toy_moe2_fm_summary.csv,0.9999986886978149,mnist,7.757885694503784,2.2871153354644775,0.5795009732246399,0.0003,1200,1.538055419921875,1.5627848704655964,1.92934912443161,0.011182252317667007,6.553191489361702,0,32,0.2511991858482361,0.9814429371336175,0.06003742188463402,0.9193925020186493,39.45657222505039,split_lw8,1,split,8,toyfm-router-image-pca32-k32,keras,0.8100062610109489,huynhtule_toyfm-router-image-pca32-k32,32,0.7472068071365356,784,0.01601574756205082,0,0.8765,0.8018752336502075,0.9791090414568416,0.2487926483154297,oracle_split_t2,oracle,1.0,7.944206237792969,1,1.4322470202847508,64.42426980243198,uniform,2,oracle_split_t2,0.9916899800300598,0.9855014085769653,1.0062795877456665
outputs/kaggle/toy_moe2_fm_source_20260524/huynhtule_toyfm-router-image-pca32-k32/toy_moe2_fm/toyfm-router-image-pca32-k32/toy_moe2_fm_summary.csv,0.9999986886978149,mnist,6.795823335647583,2.2871153354644775,0.5795009732246399,0.0003,1200,1.4979100227355957,1.5494256814320881,1.92934912443161,0.011182252317667007,6.553191489361702,0,32,0.2511991858482361,0.9814429371336175,0.06003742188463402,0.9193925020186493,39.45657222505039,split_lw8,1,split,8,toyfm-router-image-pca32-k32,keras,0.8030820662841682,huynhtule_toyfm-router-image-pca32-k32,32,0.7472068071365356,784,0.022204313427209854,0,0.8765,0.8018752336502075,0.9791090414568416,0.2487926483154297,nearest_split_t2,nearest,1.0,7.927583694458008,1,1.985674513186304,64.27173809121592,uniform,2,nearest_split_t2,1.000223159790039,1.0072282552719116,0.9930451512336731
outputs/kaggle/toy_moe2_fm_source_20260524/huynhtule_toyfm-router-image-pca32-k32/toy_moe2_fm/toyfm-router-image-pca32-k32/toy_moe2_fm_summary.csv,0.9999986886978149,mnist,5.828851222991943,2.2871153354644775,0.5795009732246399,0.0003,1200,0.7484712600708008,0.7878923912843069,1.92934912443161,0.011182252317667007,6.553191489361702,0,32,0.2511991858482361,0.9814429371336175,0.06003742188463402,0.9193925020186493,39.45657222505039,split_lw8,1,split,8,toyfm-router-image-pca32-k32,keras,0.40837211954390135,huynhtule_toyfm-router-image-pca32-k32,32,0.7472068071365356,784,0.018334008753299713,0,0.8765,0.8018752336502075,0.9791090414568416,0.2487926483154297,uniform_split_t2,uniform,1.0,6.672110080718994,1,1.6395631427788067,39.148133454968644,uniform,2,uniform_split_t2,0.6505556702613831,0.6479771733283997,1.0039793252944946
outputs/kaggle/toy_moe2_fm_source_20260524/huynhtule_toyfm-router-image-pca32-k32/toy_moe2_fm/toyfm-router-image-pca32-k32/toy_moe2_fm_summary.csv,0.9999973773956299,fashion_mnist,2.1268470287323,4.461606502532959,0.42294842004776,0.0003,1200,1.8422011137008667,1.7511156797409058,1.7511156797409058,0.02017292194068432,,,32,,,,,,none,0,none,0,toyfm-router-image-pca32-k32,keras,1.0,huynhtule_toyfm-router-image-pca32-k32,32,0.828100323677063,784,0.02017292194068432,,,,,,gaussian,gaussian,1.0,7.905580043792725,1,1.0,64.19447522624112,uniform,1,gaussian,1.0064367055892944,1.0075217485427856,0.9989230632781982
outputs/kaggle/toy_moe2_fm_source_20260524/huynhtule_toyfm-router-image-pca32-k32/toy_moe2_fm/toyfm-router-image-pca32-k32/toy_moe2_fm_summary.csv,0.9999973773956299,fashion_mnist,2.229208469390869,4.461606502532959,0.42294842004776,0.0003,1200,1.4214478731155396,1.4370020627975464,1.7511156797409058,0.02017292194068432,7.015873015873016,0,32,0.31596919894218445,0.9731131294217283,0.03211526708487789,0.9554309461376336,35.363620263080115,split_lw8,1,split,8,toyfm-router-image-pca32-k32,keras,0.820620864413803,huynhtule_toyfm-router-image-pca32-k32,32,0.828100323677063,784,0.022273346781730652,0,0.87725,0.8290337920188904,0.9720281276302356,0.32214614748954773,direct_split,direct,1.0,7.952606201171875,1,1.104121001767733,65.70340856360946,uniform,1,direct_split,0.9936779141426086,0.9670764803886414,1.0275070667266846
outputs/kaggle/toy_moe2_fm_source_20260524/huynhtule_toyfm-router-image-pca32-k32/toy_moe2_fm/toyfm-router-image-pca32-k32/toy_moe2_fm_summary.csv,0.9999973773956299,fashion_mnist,2.3118484020233154,4.461606502532959,0.42294842004776,0.0003,1200,1.3433747291564941,1.3187659581502278,1.7511156797409058,0.02017292194068432,7.015873015873016,0,32,0.31596919894218445,0.9731131294217283,0.03211526708487789,0.9554309461376336,35.363620263080115,split_lw8,1,split,8,toyfm-router-image-pca32-k32,keras,0.7531004224377408,huynhtule_toyfm-router-image-pca32-k32,32,0.828100323677063,784,0.01908119209110737,0,0.87725,0.8290337920188904,0.9720281276302356,0.32214614748954773,distill_split_t2,distilled,1.0,7.629294395446777,1,0.9458814219979124,60.00756512617528,uniform,2,distill_split_t2,0.933706521987915,0.9303313493728638,1.003627896308899
outputs/kaggle/toy_moe2_fm_source_20260524/huynhtule_toyfm-router-image-pca32-k32/toy_moe2_fm/toyfm-router-image-pca32-k32/toy_moe2_fm_summary.csv,0.9999973773956299,fashion_mnist,2.3091859817504883,4.461606502532959,0.42294842004776,0.0003,1200,1.5488698482513428,1.43571275472641,1.7511156797409058,0.02017292194068432,7.015873015873016,0,32,0.31596919894218445,0.9731131294217283,0.03211526708487789,0.9554309461376336,35.363620263080115,split_lw8,1,split,8,toyfm-router-image-pca32-k32,keras,0.8198845863448823,huynhtule_toyfm-router-image-pca32-k32,32,0.828100323677063,784,0.01664382591843605,0,0.87725,0.8290337920188904,0.9720281276302356,0.32214614748954773,oracle_split_t2,oracle,1.0,7.747031211853027,1,0.8250577664145489,62.3284341323338,uniform,2,oracle_split_t2,0.983522355556488,0.9792388081550598,1.004374384880066
outputs/kaggle/toy_moe2_fm_source_20260524/huynhtule_toyfm-router-image-pca32-k32/toy_moe2_fm/toyfm-router-image-pca32-k32/toy_moe2_fm_summary.csv,0.9999973773956299,fashion_mnist,2.2282955646514893,4.461606502532959,0.42294842004776,0.0003,1200,1.3623013496398926,1.3943392833073933,1.7511156797409058,0.02017292194068432,7.015873015873016,0,32,0.31596919894218445,0.9731131294217283,0.03211526708487789,0.9554309461376336,35.363620263080115,split_lw8,1,split,8,toyfm-router-image-pca32-k32,keras,0.7962576655779241,huynhtule_toyfm-router-image-pca32-k32,32,0.828100323677063,784,0.015800412744283676,0,0.87725,0.8290337920188904,0.9720281276302356,0.32214614748954773,nearest_split_t2,nearest,1.0,7.747132301330566,1,0.7832485938696734,61.79151561367859,uniform,2,nearest_split_t2,0.9793822169303894,0.9872817397117615,0.9919987320899963
outputs/kaggle/toy_moe2_fm_source_20260524/huynhtule_toyfm-router-image-pca32-k32/toy_moe2_fm/toyfm-router-image-pca32-k32/toy_moe2_fm_summary.csv,0.9999973773956299,fashion_mnist,2.215101480484009,4.461606502532959,0.42294842004776,0.0003,1200,0.8256831169128418,0.8378112216790518,1.7511156797409058,0.02017292194068432,7.015873015873016,0,32,0.31596919894218445,0.9731131294217283,0.03211526708487789,0.9554309461376336,35.363620263080115,split_lw8,1,split,8,toyfm-router-image-pca32-k32,keras,0.47844424635784993,huynhtule_toyfm-router-image-pca32-k32,32,0.828100323677063,784,0.017332537099719048,0,0.87725,0.8290337920188904,0.9720281276302356,0.32214614748954773,uniform_split_t2,uniform,1.0,6.712170124053955,1,0.8591981444573558,39.00812266138232,uniform,2,uniform_split_t2,0.7045783400535583,0.7293182611465454,0.9660780429840088
outputs/kaggle/toy_moe2_fm_source_20260524/iamlonely_toyfm-topk-temp-image-pca32-k32/toy_moe2_fm/toyfm-topk-temp-image-pca32-k32/toy_moe2_fm_summary.csv,0.9999982118606567,mnist,7.077594757080078,2.2546730041503906,0.5854940414428711,0.0003,1200,1.9473435878753662,1.9214783310890198,1.9214783310890198,0.011754571460187435,,,32,,,,,,none,0,none,0,toyfm-topk-temp-image-pca32-k32,keras,1.0,iamlonely_toyfm-topk-temp-image-pca32-k32,32,0.7469889521598816,784,0.011754571460187435,,,,,,gaussian,gaussian,1.0,7.920132637023926,1,1.0,63.81536664771518,uniform,1,gaussian,1.0002126693725586,1.0077508687973022,0.9925197958946228
outputs/kaggle/toy_moe2_fm_source_20260524/iamlonely_toyfm-topk-temp-image-pca32-k32/toy_moe2_fm/toyfm-topk-temp-image-pca32-k32/toy_moe2_fm_summary.csv,0.9999982118606567,mnist,8.954587459564209,2.2546730041503906,0.5854940414428711,0.0003,1200,1.5549697875976562,1.571472962697347,1.9214783310890198,0.011754571460187435,8.18867924528302,0,32,0.23455190658569336,0.9674101159260572,0.05746363317022169,0.9240328612017877,39.364709939640484,split_lw8,1,split,8,toyfm-topk-temp-image-pca32-k32,keras,0.817845789500367,iamlonely_toyfm-topk-temp-image-pca32-k32,32,0.7469889521598816,784,0.01699993573129177,0,0.87975,0.8049350380897522,0.9717217206985007,0.25578197836875916,t1_tau10,distilled,1.0,7.865671634674072,1,1.4462403660456964,63.26430366203161,uniform,1,t1_tau10,0.9907828569412231,0.9759539365768433,1.015194296836853
outputs/kaggle/toy_moe2_fm_source_20260524/iamlonely_toyfm-topk-temp-image-pca32-k32/toy_moe2_fm/toyfm-topk-temp-image-pca32-k32/toy_moe2_fm_summary.csv,0.9999982118606567,mnist,8.027498722076416,2.2546730041503906,0.5854940414428711,0.0003,1200,1.5319278240203857,1.5256778796513875,1.9214783310890198,0.011754571460187435,8.18867924528302,0,32,0.23455190658569336,0.9674101159260572,0.05746363317022169,0.9240328612017877,39.364709939640484,split_lw8,1,split,8,toyfm-topk-temp-image-pca32-k32,keras,0.7940125344982122,iamlonely_toyfm-topk-temp-image-pca32-k32,32,0.7469889521598816,784,0.016007250174880028,0,0.87975,0.8049350380897522,0.9717217206985007,0.25578197836875916,t2_tau05,distilled,0.5,7.830813407897949,1,1.3617893454556258,62.76396565257552,uniform,2,t2_tau05,0.9651222229003906,0.9551892280578613,1.0103989839553833
outputs/kaggle/toy_moe2_fm_source_20260524/iamlonely_toyfm-topk-temp-image-pca32-k32/toy_moe2_fm/toyfm-topk-temp-image-pca32-k32/toy_moe2_fm_summary.csv,0.9999982118606567,mnist,2.654547691345215,2.2546730041503906,0.5854940414428711,0.0003,1200,1.4063124656677246,1.4321980476379395,1.9214783310890198,0.011754571460187435,8.18867924528302,0,32,0.23455190658569336,0.9674101159260572,0.05746363317022169,0.9240328612017877,39.364709939640484,split_lw8,1,split,8,toyfm-topk-temp-image-pca32-k32,keras,0.7453625807095232,iamlonely_toyfm-topk-temp-image-pca32-k32,32,0.7469889521598816,784,0.01726563833653927,0,0.87975,0.8049350380897522,0.9717217206985007,0.25578197836875916,t2_tau10,distilled,1.0,7.64756965637207,1,1.4688445593289163,59.80594347063296,uniform,2,t2_tau10,0.931064784526825,0.9252187013626099,1.0063185691833496
outputs/kaggle/toy_moe2_fm_source_20260524/iamlonely_toyfm-topk-temp-image-pca32-k32/toy_moe2_fm/toyfm-topk-temp-image-pca32-k32/toy_moe2_fm_summary.csv,0.9999982118606567,mnist,2.635258436203003,2.2546730041503906,0.5854940414428711,0.0003,1200,1.2992407083511353,1.3872698545455933,1.9214783310890198,0.011754571460187435,8.18867924528302,0,32,0.23455190658569336,0.9674101159260572,0.05746363317022169,0.9240328612017877,39.364709939640484,split_lw8,1,split,8,toyfm-topk-temp-image-pca32-k32,keras,0.7219804835162217,iamlonely_toyfm-topk-temp-image-pca32-k32,32,0.7469889521598816,784,0.02156878635287285,0,0.87975,0.8049350380897522,0.9717217206985007,0.25578197836875916,t2_tau15,distilled,1.5,7.442176818847656,1,1.83492749403294,56.45849533986152,uniform,2,t2_tau15,0.8843117952346802,0.8725685477256775,1.013458251953125
outputs/kaggle/toy_moe2_fm_source_20260524/iamlonely_toyfm-topk-temp-image-pca32-k32/toy_moe2_fm/toyfm-topk-temp-image-pca32-k32/toy_moe2_fm_summary.csv,0.9999982118606567,mnist,8.371173620223999,2.2546730041503906,0.5854940414428711,0.0003,1200,1.3583871126174927,1.332512378692627,1.9214783310890198,0.011754571460187435,8.18867924528302,0,32,0.23455190658569336,0.9674101159260572,0.05746363317022169,0.9240328612017877,39.364709939640484,split_lw8,1,split,8,toyfm-topk-temp-image-pca32-k32,keras,0.6934829069539443,iamlonely_toyfm-topk-temp-image-pca32-k32,32,0.7469889521598816,784,0.02228459343314171,0,0.87975,0.8049350380897522,0.9717217206985007,0.25578197836875916,t4_tau10,distilled,1.0,7.4620208740234375,1,1.8958235532974814,57.08444976174154,uniform,4,t4_tau10,0.8757654428482056,0.8669673204421997,1.0101481676101685
outputs/kaggle/toy_moe2_fm_source_20260524/iamlonely_toyfm-topk-temp-image-pca32-k32/toy_moe2_fm/toyfm-topk-temp-image-pca32-k32/toy_moe2_fm_summary.csv,0.9999982118606567,mnist,8.276707410812378,2.2546730041503906,0.5854940414428711,0.0003,1200,1.3376203775405884,1.319442133108775,1.9214783310890198,0.011754571460187435,8.18867924528302,0,32,0.23455190658569336,0.9674101159260572,0.05746363317022169,0.9240328612017877,39.364709939640484,split_lw8,1,split,8,toyfm-topk-temp-image-pca32-k32,keras,0.6866807248151302,iamlonely_toyfm-topk-temp-image-pca32-k32,32,0.7469889521598816,784,0.024530131369829178,0,0.87975,0.8049350380897522,0.9717217206985007,0.25578197836875916,t8_tau10,distilled,1.0,7.4433369636535645,1,2.0868588406572184,56.648553597628194,uniform,8,t8_tau10,0.8690779805183411,0.8626325726509094,1.0074717998504639
outputs/kaggle/toy_moe2_fm_source_20260524/iamlonely_toyfm-topk-temp-image-pca32-k32/toy_moe2_fm/toyfm-topk-temp-image-pca32-k32/toy_moe2_fm_summary.csv,0.9999971389770508,fashion_mnist,2.167400360107422,4.46987247467041,0.42758169770240784,0.0003,1200,1.823652744293213,1.8204970757166545,1.8204970757166545,0.016701966524124146,,,32,,,,,,none,0,none,0,toyfm-topk-temp-image-pca32-k32,keras,1.0,iamlonely_toyfm-topk-temp-image-pca32-k32,32,0.8262141942977905,784,0.016701966524124146,,,,,,gaussian,gaussian,1.0,7.989893436431885,1,1.0,65.42900293974381,uniform,1,gaussian,0.9920628666877747,0.9738702774047852,1.0186806917190552
outputs/kaggle/toy_moe2_fm_source_20260524/iamlonely_toyfm-topk-temp-image-pca32-k32/toy_moe2_fm/toyfm-topk-temp-image-pca32-k32/toy_moe2_fm_summary.csv,0.9999971389770508,fashion_mnist,2.463702917098999,4.46987247467041,0.42758169770240784,0.0003,1200,1.4520626068115234,1.4342367847760518,1.8204970757166545,0.016701966524124146,6.6875,0,32,0.31051766872406006,0.9732541551954358,0.03545780877904571,0.9507014865749633,35.950346804390826,split_lw8,1,split,8,toyfm-topk-temp-image-pca32-k32,keras,0.7878270192834295,iamlonely_toyfm-topk-temp-image-pca32-k32,32,0.8262141942977905,784,0.015789546072483063,0,0.86475,0.8267180323600769,0.9704349867135038,0.33149921894073486,t1_tau10,distilled,1.0,7.707793235778809,1,0.9453704777624125,61.605453127347864,uniform,1,t1_tau10,0.9892283082008362,1.0146230459213257,0.9749712944030762
outputs/kaggle/toy_moe2_fm_source_20260524/iamlonely_toyfm-topk-temp-image-pca32-k32/toy_moe2_fm/toyfm-topk-temp-image-pca32-k32/toy_moe2_fm_summary.csv,0.9999971389770508,fashion_mnist,2.343897819519043,4.46987247467041,0.42758169770240784,0.0003,1200,1.3870749473571777,1.4048814972241719,1.8204970757166545,0.016701966524124146,6.6875,0,32,0.31051766872406006,0.9732541551954358,0.03545780877904571,0.9507014865749633,35.950346804390826,split_lw8,1,split,8,toyfm-topk-temp-image-pca32-k32,keras,0.7717021444108214,iamlonely_toyfm-topk-temp-image-pca32-k32,32,0.8262141942977905,784,0.01438248623162508,0,0.86475,0.8267180323600769,0.9704349867135038,0.33149921894073486,t2_tau05,distilled,0.5,7.776551723480225,1,0.8611253178391399,62.5607647616477,uniform,2,t2_tau05,0.9790970683097839,0.9875934720039368,0.9913968443870544
outputs/kaggle/toy_moe2_fm_source_20260524/iamlonely_toyfm-topk-temp-image-pca32-k32/toy_moe2_fm/toyfm-topk-temp-image-pca32-k32/toy_moe2_fm_summary.csv,0.9999971389770508,fashion_mnist,2.449218511581421,4.46987247467041,0.42758169770240784,0.0003,1200,1.3157051801681519,1.2932097713152568,1.8204970757166545,0.016701966524124146,6.6875,0,32,0.31051766872406006,0.9732541551954358,0.03545780877904571,0.9507014865749633,35.950346804390826,split_lw8,1,split,8,toyfm-topk-temp-image-pca32-k32,keras,0.7103608067077908,iamlonely_toyfm-topk-temp-image-pca32-k32,32,0.8262141942977905,784,0.016466928645968437,0,0.86475,0.8267180323600769,0.9704349867135038,0.33149921894073486,t2_tau10,distilled,1.0,7.441086769104004,1,0.985927532676094,57.449683847681555,uniform,2,t2_tau10,0.924035906791687,0.9404128193855286,0.9825853705406189
outputs/kaggle/toy_moe2_fm_source_20260524/iamlonely_toyfm-topk-temp-image-pca32-k32/toy_moe2_fm/toyfm-topk-temp-image-pca32-k32/toy_moe2_fm_summary.csv,0.9999971389770508,fashion_mnist,2.549318552017212,4.46987247467041,0.42758169770240784,0.0003,1200,1.2251217365264893,1.268238107363383,1.8204970757166545,0.016701966524124146,6.6875,0,32,0.31051766872406006,0.9732541551954358,0.03545780877904571,0.9507014865749633,35.950346804390826,split_lw8,1,split,8,toyfm-topk-temp-image-pca32-k32,keras,0.6966438585813878,iamlonely_toyfm-topk-temp-image-pca32-k32,32,0.8262141942977905,784,0.017949961125850677,0,0.86475,0.8267180323600769,0.9704349867135038,0.33149921894073486,t2_tau15,distilled,1.5,7.4829816818237305,1,1.0747214167819066,57.912036655787986,uniform,2,t2_tau15,0.9058600664138794,0.897937536239624,1.008823037147522
outputs/kaggle/toy_moe2_fm_source_20260524/iamlonely_toyfm-topk-temp-image-pca32-k32/toy_moe2_fm/toyfm-topk-temp-image-pca32-k32/toy_moe2_fm_summary.csv,0.9999971389770508,fashion_mnist,2.520230770111084,4.46987247467041,0.42758169770240784,0.0003,1200,1.2963881492614746,1.3113015294075012,1.8204970757166545,0.016701966524124146,6.6875,0,32,0.31051766872406006,0.9732541551954358,0.03545780877904571,0.9507014865749633,35.950346804390826,split_lw8,1,split,8,toyfm-topk-temp-image-pca32-k32,keras,0.7202986189314784,iamlonely_toyfm-topk-temp-image-pca32-k32,32,0.8262141942977905,784,0.017648540437221527,0,0.86475,0.8267180323600769,0.9704349867135038,0.33149921894073486,t4_tau10,distilled,1.0,7.64536714553833,1,1.0566743988936969,60.1081941878069,uniform,4,t4_tau10,0.9254226088523865,0.9138599634170532,1.0126525163650513
outputs/kaggle/toy_moe2_fm_source_20260524/iamlonely_toyfm-topk-temp-image-pca32-k32/toy_moe2_fm/toyfm-topk-temp-image-pca32-k32/toy_moe2_fm_summary.csv,0.9999971389770508,fashion_mnist,2.4241504669189453,4.46987247467041,0.42758169770240784,0.0003,1200,1.2743475437164307,1.2771219809850056,1.8204970757166545,0.016701966524124146,6.6875,0,32,0.31051766872406006,0.9732541551954358,0.03545780877904571,0.9507014865749633,35.950346804390826,split_lw8,1,split,8,toyfm-topk-temp-image-pca32-k32,keras,0.7015237750284523,iamlonely_toyfm-topk-temp-image-pca32-k32,32,0.8262141942977905,784,0.01471699308604002,0,0.86475,0.8267180323600769,0.9704349867135038,0.33149921894073486,t8_tau10,distilled,1.0,7.5934882164001465,1,0.8811533099879556,59.61650075294998,uniform,8,t8_tau10,0.9021651744842529,0.8857964277267456,1.0184791088104248
outputs/kaggle/toy_moe2_fm_source_20260524/kieuhongquan_toyfm-retune-image-pca32-k32/toy_moe2_fm/toyfm-retune-image-pca32-k32/toy_moe2_fm_summary.csv,0.9999970197677612,mnist,7.113589525222778,2.272744655609131,0.5807848572731018,0.0003,1200,1.9468257427215576,1.936663806438446,1.936663806438446,0.009588608518242836,,,32,,,,,,none,0,none,0,toyfm-retune-image-pca32-k32,keras,1.0,kieuhongquan_toyfm-retune-image-pca32-k32,32,0.7472193241119385,784,0.009588608518242836,,,,,,gaussian,gaussian,1.0,7.95542049407959,1,1.0,64.44662529972636,uniform,1,gaussian,0.9893569350242615,0.9965599179267883,0.9927721619606018
outputs/kaggle/toy_moe2_fm_source_20260524/kieuhongquan_toyfm-retune-image-pca32-k32/toy_moe2_fm/toyfm-retune-image-pca32-k32/toy_moe2_fm_summary.csv,0.9999970197677612,mnist,9.082070112228394,2.272744655609131,0.5807848572731018,0.0003,1200,1.3536128997802734,1.421990176041921,1.936663806438446,0.009588608518242836,8.245283018867925,0,32,0.21220625936985016,0.9751603421045388,0.05909584339073389,0.9204995112895327,39.80430345770398,split_lw8,1,split,8,toyfm-retune-image-pca32-k32,keras,0.7342473026627075,kieuhongquan_toyfm-retune-image-pca32-k32,32,0.7472193241119385,784,0.020600464195013046,0,0.8775,0.7955568432807922,0.976144064969634,0.25538939237594604,lr3e4_uniform,distilled,1.0,7.580445766448975,1,2.1484310425041935,58.63398207238693,uniform,2,lr3e4_uniform,0.9197494983673096,0.9209702610969543,0.9986744523048401
outputs/kaggle/toy_moe2_fm_source_20260524/kieuhongquan_toyfm-retune-image-pca32-k32/toy_moe2_fm/toyfm-retune-image-pca32-k32/toy_moe2_fm_summary.csv,0.9999970197677612,mnist,2.639744281768799,2.272744655609131,0.5807848572731018,0.0001,1200,1.4563567638397217,1.519138773282369,1.936663806438446,0.009588608518242836,8.245283018867925,0,32,0.21220625936985016,0.9751603421045388,0.05909584339073389,0.9204995112895327,39.80430345770398,split_lw8,1,split,8,toyfm-retune-image-pca32-k32,keras,0.7844101636184796,kieuhongquan_toyfm-retune-image-pca32-k32,32,0.7472193241119385,784,0.01449638046324253,0,0.8775,0.7955568432807922,0.976144064969634,0.25538939237594604,lr1e4_uniform,distilled,1.0,7.629845142364502,1,1.5118335925032709,59.45395741574177,uniform,2,lr1e4_uniform,0.9218148589134216,0.9186828136444092,1.0034092664718628
outputs/kaggle/toy_moe2_fm_source_20260524/kieuhongquan_toyfm-retune-image-pca32-k32/toy_moe2_fm/toyfm-retune-image-pca32-k32/toy_moe2_fm_summary.csv,0.9999970197677612,mnist,2.445539951324463,2.272744655609131,0.5807848572731018,5e-05,1200,1.5902562141418457,1.5925082961718242,1.936663806438446,0.009588608518242836,8.245283018867925,0,32,0.21220625936985016,0.9751603421045388,0.05909584339073389,0.9204995112895327,39.80430345770398,split_lw8,1,split,8,toyfm-retune-image-pca32-k32,keras,0.8222946547963175,kieuhongquan_toyfm-retune-image-pca32-k32,32,0.7472193241119385,784,0.010701123625040054,0,0.8775,0.7955568432807922,0.976144064969634,0.25538939237594604,lr5e5_uniform,distilled,1.0,7.606965065002441,1,1.1160246666323481,59.20568610253143,uniform,2,lr5e5_uniform,0.9300804138183594,0.9430936574935913,0.9862015247344971
outputs/kaggle/toy_moe2_fm_source_20260524/kieuhongquan_toyfm-retune-image-pca32-k32/toy_moe2_fm/toyfm-retune-image-pca32-k32/toy_moe2_fm_summary.csv,0.9999970197677612,mnist,12.930037260055542,2.272744655609131,0.5807848572731018,0.0001,1200,1.5245180130004883,1.5173379778862,1.936663806438446,0.009588608518242836,8.245283018867925,0,32,0.21220625936985016,0.9751603421045388,0.05909584339073389,0.9204995112895327,39.80430345770398,split_lw8,1,split,8,toyfm-retune-image-pca32-k32,keras,0.7834803195277384,kieuhongquan_toyfm-retune-image-pca32-k32,32,0.7472193241119385,784,0.2095101773738861,0,0.8775,0.7955568432807922,0.976144064969634,0.25538939237594604,lr1e4_beta13,distilled,1.0,7.6870856285095215,1,21.84990418320676,60.14271051742834,beta13,2,lr1e4_beta13,0.9333997368812561,0.938999593257904,0.9940363764762878
outputs/kaggle/toy_moe2_fm_source_20260524/kieuhongquan_toyfm-retune-image-pca32-k32/toy_moe2_fm/toyfm-retune-image-pca32-k32/toy_moe2_fm_summary.csv,0.9999970197677612,mnist,12.621432781219482,2.272744655609131,0.5807848572731018,0.0001,1200,1.0611919164657593,1.071709970633189,1.936663806438446,0.009588608518242836,8.245283018867925,0,32,0.21220625936985016,0.9751603421045388,0.05909584339073389,0.9204995112895327,39.80430345770398,split_lw8,1,split,8,toyfm-retune-image-pca32-k32,keras,0.5533794595996916,kieuhongquan_toyfm-retune-image-pca32-k32,32,0.7472193241119385,784,0.3700297474861145,0,0.8775,0.7955568432807922,0.976144064969634,0.25538939237594604,lr1e4_beta31,distilled,1.0,7.672996520996094,1,38.590557408002766,60.09226129717325,beta31,2,lr1e4_beta31,0.9341189861297607,0.9160777926445007,1.0196939706802368
outputs/kaggle/toy_moe2_fm_source_20260524/kieuhongquan_toyfm-retune-image-pca32-k32/toy_moe2_fm/toyfm-retune-image-pca32-k32/toy_moe2_fm_summary.csv,0.9999970197677612,mnist,12.745148420333862,2.272744655609131,0.5807848572731018,0.0001,1200,1.5378402471542358,1.4848907788594563,1.936663806438446,0.009588608518242836,8.245283018867925,0,32,0.21220625936985016,0.9751603421045388,0.05909584339073389,0.9204995112895327,39.80430345770398,split_lw8,1,split,8,toyfm-retune-image-pca32-k32,keras,0.7667261472656903,kieuhongquan_toyfm-retune-image-pca32-k32,32,0.7472193241119385,784,0.02202726900577545,0,0.8775,0.7955568432807922,0.976144064969634,0.25538939237594604,lr1e4_beta22,distilled,1.0,7.4544196128845215,1,2.297233114050637,56.90859658274823,beta22,2,lr1e4_beta22,0.9221079349517822,0.9316263794898987,0.989782989025116
outputs/kaggle/toy_moe2_fm_source_20260524/kieuhongquan_toyfm-retune-image-pca32-k32/toy_moe2_fm/toyfm-retune-image-pca32-k32/toy_moe2_fm_summary.csv,0.9999964237213135,fashion_mnist,2.307567596435547,4.416446208953857,0.4244667589664459,0.0003,1200,1.7544000148773193,1.8215182820955913,1.8215182820955913,0.018483983352780342,,,32,,,,,,none,0,none,0,toyfm-retune-image-pca32-k32,keras,1.0,kieuhongquan_toyfm-retune-image-pca32-k32,32,0.8283737897872925,784,0.018483983352780342,,,,,,gaussian,gaussian,1.0,7.831912994384766,1,1.0,62.7485812114235,uniform,1,gaussian,0.9978670477867126,1.0099023580551147,0.9880826473236084
outputs/kaggle/toy_moe2_fm_source_20260524/kieuhongquan_toyfm-retune-image-pca32-k32/toy_moe2_fm/toyfm-retune-image-pca32-k32/toy_moe2_fm_summary.csv,0.9999964237213135,fashion_mnist,2.4596197605133057,4.416446208953857,0.4244667589664459,0.0003,1200,1.349143385887146,1.3447920282681782,1.8215182820955913,0.018483983352780342,6.166666666666667,0,32,0.2324877232313156,0.9684363708002858,0.03308041949171555,0.9541604198122956,36.082142425605895,split_lw8,1,split,8,toyfm-retune-image-pca32-k32,keras,0.7382808295072633,kieuhongquan_toyfm-retune-image-pca32-k32,32,0.8283737897872925,784,0.017204144969582558,0,0.86825,0.8315233588218689,0.9647729809878739,0.31831976771354675,lr3e4_uniform,distilled,1.0,7.658082962036133,1,0.9307596009598617,60.22889496085665,uniform,2,lr3e4_uniform,0.9365850687026978,0.9356018900871277,1.0010508298873901
outputs/kaggle/toy_moe2_fm_source_20260524/kieuhongquan_toyfm-retune-image-pca32-k32/toy_moe2_fm/toyfm-retune-image-pca32-k32/toy_moe2_fm_summary.csv,0.9999964237213135,fashion_mnist,2.485677480697632,4.416446208953857,0.4244667589664459,0.0001,1200,1.423966407775879,1.447303036848704,1.8215182820955913,0.018483983352780342,6.166666666666667,0,32,0.2324877232313156,0.9684363708002858,0.03308041949171555,0.9541604198122956,36.082142425605895,split_lw8,1,split,8,toyfm-retune-image-pca32-k32,keras,0.7945586113929276,kieuhongquan_toyfm-retune-image-pca32-k32,32,0.8283737897872925,784,0.01190369576215744,0,0.86825,0.8315233588218689,0.9647729809878739,0.31831976771354675,lr1e4_uniform,distilled,1.0,7.528801441192627,1,0.6440005671378674,58.22418955274898,uniform,2,lr1e4_uniform,0.922726035118103,0.9392579197883606,0.9823989868164062
outputs/kaggle/toy_moe2_fm_source_20260524/kieuhongquan_toyfm-retune-image-pca32-k32/toy_moe2_fm/toyfm-retune-image-pca32-k32/toy_moe2_fm_summary.csv,0.9999964237213135,fashion_mnist,2.5266997814178467,4.416446208953857,0.4244667589664459,5e-05,1200,1.472280740737915,1.5265413721402485,1.8215182820955913,0.018483983352780342,6.166666666666667,0,32,0.2324877232313156,0.9684363708002858,0.03308041949171555,0.9541604198122956,36.082142425605895,split_lw8,1,split,8,toyfm-retune-image-pca32-k32,keras,0.8380598685971011,kieuhongquan_toyfm-retune-image-pca32-k32,32,0.8283737897872925,784,0.01200072281062603,0,0.86825,0.8315233588218689,0.9647729809878739,0.31831976771354675,lr5e5_uniform,distilled,1.0,7.640941619873047,1,0.6492498170758682,60.56503886171022,uniform,2,lr5e5_uniform,0.9416173100471497,0.9466826319694519,0.9946494102478027
outputs/kaggle/toy_moe2_fm_source_20260524/kieuhongquan_toyfm-retune-image-pca32-k32/toy_moe2_fm/toyfm-retune-image-pca32-k32/toy_moe2_fm_summary.csv,0.9999964237213135,fashion_mnist,3.3097894191741943,4.416446208953857,0.4244667589664459,0.0001,1200,1.4840846061706543,1.531830112139384,1.8215182820955913,0.018483983352780342,6.166666666666667,0,32,0.2324877232313156,0.9684363708002858,0.03308041949171555,0.9541604198122956,36.082142425605895,split_lw8,1,split,8,toyfm-retune-image-pca32-k32,keras,0.8409633475526079,kieuhongquan_toyfm-retune-image-pca32-k32,32,0.8283737897872925,784,0.20653846859931946,0,0.86825,0.8315233588218689,0.9647729809878739,0.31831976771354675,lr1e4_beta13,distilled,1.0,7.5949530601501465,1,11.173915527696694,59.668905722942625,beta13,2,lr1e4_beta13,0.9382765889167786,0.9462234377861023,0.9916015267372131
outputs/kaggle/toy_moe2_fm_source_20260524/kieuhongquan_toyfm-retune-image-pca32-k32/toy_moe2_fm/toyfm-retune-image-pca32-k32/toy_moe2_fm_summary.csv,0.9999964237213135,fashion_mnist,3.3196637630462646,4.416446208953857,0.4244667589664459,0.0001,1200,0.9960594177246094,1.0158996383349101,1.8215182820955913,0.018483983352780342,6.166666666666667,0,32,0.2324877232313156,0.9684363708002858,0.03308041949171555,0.9541604198122956,36.082142425605895,split_lw8,1,split,8,toyfm-retune-image-pca32-k32,keras,0.5577213516441647,kieuhongquan_toyfm-retune-image-pca32-k32,32,0.8283737897872925,784,0.3384873569011688,0,0.86825,0.8315233588218689,0.9647729809878739,0.31831976771354675,lr1e4_beta31,distilled,1.0,7.801495552062988,1,18.31246817533267,62.90971452958559,beta31,2,lr1e4_beta31,0.939033031463623,0.9068136215209961,1.0355303287506104
outputs/kaggle/toy_moe2_fm_source_20260524/kieuhongquan_toyfm-retune-image-pca32-k32/toy_moe2_fm/toyfm-retune-image-pca32-k32/toy_moe2_fm_summary.csv,0.9999964237213135,fashion_mnist,3.190821886062622,4.416446208953857,0.4244667589664459,0.0001,1200,1.4269412755966187,1.4268952012062073,1.8215182820955913,0.018483983352780342,6.166666666666667,0,32,0.2324877232313156,0.9684363708002858,0.03308041949171555,0.9541604198122956,36.082142425605895,split_lw8,1,split,8,toyfm-retune-image-pca32-k32,keras,0.783354861288911,kieuhongquan_toyfm-retune-image-pca32-k32,32,0.8283737897872925,784,0.017131581902503967,0,0.86825,0.8315233588218689,0.9647729809878739,0.31831976771354675,lr1e4_beta22,distilled,1.0,7.711738109588623,1,0.9268338742540067,61.23066272289061,beta22,2,lr1e4_beta22,0.9331332445144653,0.9093705415725708,1.0261309146881104
outputs/kaggle/toy_moe2_fm_source_20260524/kiuvithong_toyfm-cifar-source-pca48-k64/toy_moe2_fm/toyfm-cifar-source-pca48-k64/toy_moe2_fm_summary.csv,0.9999982714653015,cifar10,8.01918625831604,7.431709289550781,0.6032065153121948,0.0003,1000,2.0087368488311768,2.0228108366330466,2.0228108366330466,0.010823952965438366,,,64,,,,,,none,0,none,0,toyfm-cifar-source-pca48-k64,keras,1.0,kiuvithong_toyfm-cifar-source-pca48-k64,48,0.8397883176803589,3072,0.010823952965438366,,,,,,gaussian,gaussian,1.0,9.684452056884766,1,1.0,96.24183960171251,uniform,1,gaussian,0.9989591240882874,1.0089929103851318,0.9900556206703186
outputs/kaggle/toy_moe2_fm_source_20260524/kiuvithong_toyfm-cifar-source-pca48-k64/toy_moe2_fm/toyfm-cifar-source-pca48-k64/toy_moe2_fm_summary.csv,0.9999982714653015,cifar10,7.221615552902222,7.431709289550781,0.6032065153121948,0.0003,1000,1.9307522773742676,1.8328939477602642,2.0228108366330466,0.010823952965438366,285.0,2,64,0.6295776963233948,0.9465176405682232,0.21485521203374205,0.6993333124270773,64.52678880110602,split_lw8,1,split,8,toyfm-cifar-source-pca48-k64,keras,0.9061123831089922,kiuvithong_toyfm-cifar-source-pca48-k64,48,0.8397883176803589,3072,0.02801568992435932,2,0.402,0.3680361211299896,0.9216698355839879,1.4305239915847778,direct_split,direct,1.0,9.871453285217285,1,2.5883048470198795,101.26777059244287,uniform,1,direct_split,1.0251095294952393,1.0011776685714722,1.023903727531433
outputs/kaggle/toy_moe2_fm_source_20260524/kiuvithong_toyfm-cifar-source-pca48-k64/toy_moe2_fm/toyfm-cifar-source-pca48-k64/toy_moe2_fm_summary.csv,0.9999982714653015,cifar10,8.628357172012329,7.431709289550781,0.6032065153121948,0.0003,1000,1.372191071510315,1.344472845395406,2.0228108366330466,0.010823952965438366,285.0,2,64,0.6295776963233948,0.9465176405682232,0.21485521203374205,0.6993333124270773,64.52678880110602,split_lw8,1,split,8,toyfm-cifar-source-pca48-k64,keras,0.6646557458794669,kiuvithong_toyfm-cifar-source-pca48-k64,48,0.8397883176803589,3072,0.040665533393621445,2,0.402,0.3680361211299896,0.9216698355839879,1.4305239915847778,distill_split_t2,distilled,1.0,8.73197078704834,1,3.7569946509809604,79.26372844341839,uniform,2,distill_split_t2,0.7642842531204224,0.7324565052986145,1.0434534549713135
outputs/kaggle/toy_moe2_fm_source_20260524/kiuvithong_toyfm-cifar-source-pca48-k64/toy_moe2_fm/toyfm-cifar-source-pca48-k64/toy_moe2_fm_summary.csv,0.9999982714653015,cifar10,8.166015148162842,7.431709289550781,0.6032065153121948,0.0003,1000,1.5884822607040405,1.6523257692654927,2.0228108366330466,0.010823952965438366,285.0,2,64,0.6295776963233948,0.9465176405682232,0.21485521203374205,0.6993333124270773,64.52678880110602,split_lw8,1,split,8,toyfm-cifar-source-pca48-k64,keras,0.8168464096305597,kiuvithong_toyfm-cifar-source-pca48-k64,48,0.8397883176803589,3072,0.035454247146844864,2,0.402,0.3680361211299896,0.9216698355839879,1.4305239915847778,oracle_split_t2,oracle,1.0,9.085566520690918,1,3.2755359580786,86.257125201939,uniform,2,oracle_split_t2,0.9076799750328064,0.9138635993003845,0.9932335615158081
outputs/kaggle/toy_moe2_fm_source_20260524/kiuvithong_toyfm-cifar-source-pca48-k64/toy_moe2_fm/toyfm-cifar-source-pca48-k64/toy_moe2_fm_summary.csv,0.9999982714653015,cifar10,8.111001968383789,7.431709289550781,0.6032065153121948,0.0003,1000,1.7523020505905151,1.7969485719998677,2.0228108366330466,0.010823952965438366,285.0,2,64,0.6295776963233948,0.9465176405682232,0.21485521203374205,0.6993333124270773,64.52678880110602,split_lw8,1,split,8,toyfm-cifar-source-pca48-k64,keras,0.888342369665606,kiuvithong_toyfm-cifar-source-pca48-k64,48,0.8397883176803589,3072,0.02222091145813465,2,0.402,0.3680361211299896,0.9216698355839879,1.4305239915847778,t1_tau10,distilled,1.0,9.395378112792969,1,2.0529386564305634,91.79333214059027,uniform,1,t1_tau10,0.9680957198143005,0.9648973345756531,1.003314733505249
outputs/kaggle/toy_moe2_fm_source_20260524/kiuvithong_toyfm-cifar-source-pca48-k64/toy_moe2_fm/toyfm-cifar-source-pca48-k64/toy_moe2_fm_summary.csv,0.9999982714653015,cifar10,8.494099140167236,7.431709289550781,0.6032065153121948,0.0003,1000,1.1250723600387573,1.0805213650067647,2.0228108366330466,0.010823952965438366,285.0,2,64,0.6295776963233948,0.9465176405682232,0.21485521203374205,0.6993333124270773,64.52678880110602,split_lw8,1,split,8,toyfm-cifar-source-pca48-k64,keras,0.5341682699333786,kiuvithong_toyfm-cifar-source-pca48-k64,48,0.8397883176803589,3072,0.03940587863326073,2,0.402,0.3680361211299896,0.9216698355839879,1.4305239915847778,t4_tau10,distilled,1.0,7.961106777191162,1,3.6406180587708055,66.13511579037377,uniform,4,t4_tau10,0.6359261274337769,0.6408638954162598,0.9922951459884644
outputs/kaggle/toy_moe2_fm_source_20260524/kiuvithong_toyfm-cifar-source-pca48-k64/toy_moe2_fm/toyfm-cifar-source-pca48-k64/toy_moe2_fm_summary.csv,0.9999982714653015,cifar10,12.698609113693237,7.431709289550781,0.6032065153121948,0.0001,1000,1.545650839805603,1.530493934949239,2.0228108366330466,0.010823952965438366,285.0,2,64,0.6295776963233948,0.9465176405682232,0.21485521203374205,0.6993333124270773,64.52678880110602,split_lw8,1,split,8,toyfm-cifar-source-pca48-k64,keras,0.7566174291891449,kiuvithong_toyfm-cifar-source-pca48-k64,48,0.8397883176803589,3072,0.15241532027721405,2,0.402,0.3680361211299896,0.9216698355839879,1.4305239915847778,lr1e4_beta13,distilled,1.0,8.611428260803223,1,14.081299204078839,77.1922328510895,beta13,2,lr1e4_beta13,0.7592411041259766,0.7420877814292908,1.0231149196624756
outputs/kaggle/toy_moe2_fm_source_20260524/kiuvithong_toyfm-cifar-source-pca48-k64/toy_moe2_fm/toyfm-cifar-source-pca48-k64/toy_moe2_fm_summary.csv,0.9999982714653015,cifar10,13.03460955619812,7.431709289550781,0.6032065153121948,0.0001,1000,1.0208165645599365,1.0330783426761627,2.0228108366330466,0.010823952965438366,285.0,2,64,0.6295776963233948,0.9465176405682232,0.21485521203374205,0.6993333124270773,64.52678880110602,split_lw8,1,split,8,toyfm-cifar-source-pca48-k64,keras,0.5107142615449469,kiuvithong_toyfm-cifar-source-pca48-k64,48,0.8397883176803589,3072,0.28477486968040466,2,0.402,0.3680361211299896,0.9216698355839879,1.4305239915847778,lr1e4_beta31,distilled,1.0,8.607611656188965,1,26.30969208658894,77.0197341818726,beta31,2,lr1e4_beta31,0.7802106142044067,0.7731277346611023,1.009161353111267
